from_version,from_entry,to_version,to_entry,to_end_offset_exclusive,to_file_offset,to_binary_sha256,to_body_sha256,status,confidence,byte_envelope_length,fixed_byte_count,source10_interval_anchor,relocation_target_anchor,internal_callee_source10_anchors,to_has_promoted_dossier,all_matches,semantic_equivalence,evidence
1.10,1008:6486,1.0,1008:6486,0x64c2,0x14d06,6476e259a3a763e2985f22ea6655929e5b313f63ca4bcb976f98b6d50b72140c,182ef789e9d93f4de6d05ab02afe10505604c46d6058ece3834403d0ffc6fc4a,unique-masked-binary-counterpart,High,60,52,True,False,1,False,1008:6486,not claimed,full masked byte envelope + reachable instruction layout + import-symbol sequence; masked data/far-call addresses do not prove source semantics
1.10,1008:6486,1.3,1008:6486,0x64c2,0x14d06,926c0001944b9822cdae10b35c92c2d6cd3772bc774c4c88fb17df7465d1f156,182ef789e9d93f4de6d05ab02afe10505604c46d6058ece3834403d0ffc6fc4a,unique-masked-binary-counterpart,High,60,52,True,False,1,False,1008:6486,not claimed,full masked byte envelope + reachable instruction layout + import-symbol sequence; masked data/far-call addresses do not prove source semantics
1.10,1008:6486,1.6,1008:6486,0x64c2,0x14d06,5851849bacd8b03e93444d8a8f34d51c23fecddc73d6b8df7f016885c3b9d418,182ef789e9d93f4de6d05ab02afe10505604c46d6058ece3834403d0ffc6fc4a,unique-masked-binary-counterpart,High,60,52,True,True,1,True,1008:6486,not claimed,full masked byte envelope + reachable instruction layout + import-symbol sequence; masked data/far-call addresses do not prove source semantics
1.10,1008:6486,1.8,1008:6486,0x64c2,0x14d06,144e96bb649c5463d440c343ad982ed8e5f143e788c9af08bbb890fcd1b3db22,182ef789e9d93f4de6d05ab02afe10505604c46d6058ece3834403d0ffc6fc4a,unique-masked-binary-counterpart,High,60,52,True,True,1,True,1008:6486,not claimed,full masked byte envelope + reachable instruction layout + import-symbol sequence; masked data/far-call addresses do not prove source semantics
1.10,1008:6486,1.10,1008:6486,0x64c2,0x14d26,12fe5168783446275802e0e947898261b5eca6b88288f3a895fc1faa4c544481,182ef789e9d93f4de6d05ab02afe10505604c46d6058ece3834403d0ffc6fc4a,unique-masked-binary-counterpart,High,60,52,True,True,1,True,1008:6486,not claimed,full masked byte envelope + reachable instruction layout + import-symbol sequence; masked data/far-call addresses do not prove source semantics
1.10,1010:188A,1.0,,,,6476e259a3a763e2985f22ea6655929e5b313f63ca4bcb976f98b6d50b72140c,,unresolved-modified-or-unmapped,Unknown,408,380,False,False,0,False,,not claimed,full masked byte envelope + reachable instruction layout + import-symbol sequence; masked data/far-call addresses do not prove source semantics
1.10,1010:188A,1.3,1010:184A,0x19e2,0x177ea,926c0001944b9822cdae10b35c92c2d6cd3772bc774c4c88fb17df7465d1f156,c729172c3f6e19112e107586a5baf7184c54411dffe582005d2b12fc20d6e2a4,unique-masked-binary-counterpart,High,408,380,True,True,4,True,1010:184A,not claimed,full masked byte envelope + reachable instruction layout + import-symbol sequence; masked data/far-call addresses do not prove source semantics
1.10,1010:188A,1.6,1010:183E,0x19d6,0x177de,5851849bacd8b03e93444d8a8f34d51c23fecddc73d6b8df7f016885c3b9d418,c843c18dee94b6d44d455ba7843d4064980a73e1d8cb35cbb19b6668310afbde,unique-masked-binary-counterpart,High,408,380,True,True,4,True,1010:183E,not claimed,full masked byte envelope + reachable instruction layout + import-symbol sequence; masked data/far-call addresses do not prove source semantics
1.10,1010:188A,1.8,1010:183E,0x19d6,0x177de,144e96bb649c5463d440c343ad982ed8e5f143e788c9af08bbb890fcd1b3db22,acd91a20f97daeaf9ecb4097730e5c0d2b69ce1bdba3bca02881a26eebb02209,unique-masked-binary-counterpart,High,408,380,True,True,4,True,1010:183E,not claimed,full masked byte envelope + reachable instruction layout + import-symbol sequence; masked data/far-call addresses do not prove source semantics
1.10,1010:188A,1.10,1010:188A,0x1a22,0x1784a,12fe5168783446275802e0e947898261b5eca6b88288f3a895fc1faa4c544481,347510b0d6e83506d94dff418dfd0607665cd510431cfc003a8467501ceb1a72,unique-masked-binary-counterpart,High,408,380,True,True,4,True,1010:188A,not claimed,full masked byte envelope + reachable instruction layout + import-symbol sequence; masked data/far-call addresses do not prove source semantics
1.10,1010:2BE6,1.0,,,,6476e259a3a763e2985f22ea6655929e5b313f63ca4bcb976f98b6d50b72140c,,unresolved-modified-or-unmapped,Unknown,28,18,False,False,0,False,,not claimed,full masked byte envelope + reachable instruction layout + import-symbol sequence; masked data/far-call addresses do not prove source semantics
1.10,1010:2BE6,1.3,1010:2BA6,0x2bc2,0x18b46,926c0001944b9822cdae10b35c92c2d6cd3772bc774c4c88fb17df7465d1f156,f34d05400b57d370c39c4066299368cf6ade1c218e4bab58753fc5cf58f395f8,unique-masked-binary-counterpart,High,28,18,True,True,1,True,1010:2BA6,not claimed,full masked byte envelope + reachable instruction layout + import-symbol sequence; masked data/far-call addresses do not prove source semantics
1.10,1010:2BE6,1.6,1010:2B9A,0x2bb6,0x18b3a,5851849bacd8b03e93444d8a8f34d51c23fecddc73d6b8df7f016885c3b9d418,5a91c3d6e2a7901092c053b5cc9d84e54510e48170e4d3a6d5ee48a3f5a0a486,unique-masked-binary-counterpart,High,28,18,True,True,1,True,1010:2B9A,not claimed,full masked byte envelope + reachable instruction layout + import-symbol sequence; masked data/far-call addresses do not prove source semantics
1.10,1010:2BE6,1.8,1010:2B9A,0x2bb6,0x18b3a,144e96bb649c5463d440c343ad982ed8e5f143e788c9af08bbb890fcd1b3db22,be17aaf303d9b486d4eebd8f7bff995a57ccad793f09597fb0a2ada01f3c3f4d,unique-masked-binary-counterpart,High,28,18,True,True,1,True,1010:2B9A,not claimed,full masked byte envelope + reachable instruction layout + import-symbol sequence; masked data/far-call addresses do not prove source semantics
1.10,1010:2BE6,1.10,1010:2BE6,0x2c02,0x18ba6,12fe5168783446275802e0e947898261b5eca6b88288f3a895fc1faa4c544481,399827fe0b83d155bb1625945413cc744def5bac709cafc2194d79f1610e5a1d,unique-masked-binary-counterpart,High,28,18,True,True,1,True,1010:2BE6,not claimed,full masked byte envelope + reachable instruction layout + import-symbol sequence; masked data/far-call addresses do not prove source semantics
1.10,1010:314A,1.0,1010:30D0,0x312f,0x19070,6476e259a3a763e2985f22ea6655929e5b313f63ca4bcb976f98b6d50b72140c,d4496898adb8206a5f3a4d93e09d878757ff9c8dc8f46d710b6b4c04369219ad,unique-masked-binary-counterpart,High,95,57,False,True,1,False,1010:30D0,not claimed,full masked byte envelope + reachable instruction layout + import-symbol sequence; masked data/far-call addresses do not prove source semantics
1.10,1010:314A,1.3,1010:30C8,0x3127,0x19068,926c0001944b9822cdae10b35c92c2d6cd3772bc774c4c88fb17df7465d1f156,d458e5c8440e6c674ce89cfd4ee18a37f59d58f95892c7be91abfdbe557bad1e,unique-masked-binary-counterpart,High,95,57,False,True,1,False,1010:30C8,not claimed,full masked byte envelope + reachable instruction layout + import-symbol sequence; masked data/far-call addresses do not prove source semantics
1.10,1010:314A,1.6,1010:30D6,0x3135,0x19076,5851849bacd8b03e93444d8a8f34d51c23fecddc73d6b8df7f016885c3b9d418,2e01ca183999cce14a62128e7d99c8469cecbd139197c3b40635d2aec46e3b50,unique-masked-binary-counterpart,High,95,57,False,True,1,False,1010:30D6,not claimed,full masked byte envelope + reachable instruction layout + import-symbol sequence; masked data/far-call addresses do not prove source semantics
1.10,1010:314A,1.8,1010:30D6,0x3135,0x19076,144e96bb649c5463d440c343ad982ed8e5f143e788c9af08bbb890fcd1b3db22,2e01ca183999cce14a62128e7d99c8469cecbd139197c3b40635d2aec46e3b50,unique-masked-binary-counterpart,High,95,57,False,True,1,False,1010:30D6,not claimed,full masked byte envelope + reachable instruction layout + import-symbol sequence; masked data/far-call addresses do not prove source semantics
1.10,1010:314A,1.10,1010:314A,0x31a9,0x1910a,12fe5168783446275802e0e947898261b5eca6b88288f3a895fc1faa4c544481,e1085f00aafbe610f4f5e0ba7e80cef589d9235c941112cc1588a028c7301647,unique-masked-binary-counterpart,High,95,57,True,True,1,True,1010:314A,not claimed,full masked byte envelope + reachable instruction layout + import-symbol sequence; masked data/far-call addresses do not prove source semantics
1.10,1010:3B16,1.0,,,,6476e259a3a763e2985f22ea6655929e5b313f63ca4bcb976f98b6d50b72140c,,unresolved-modified-or-unmapped,Unknown,101,89,False,False,0,False,,not claimed,full masked byte envelope + reachable instruction layout + import-symbol sequence; masked data/far-call addresses do not prove source semantics
1.10,1010:3B16,1.3,,,,926c0001944b9822cdae10b35c92c2d6cd3772bc774c4c88fb17df7465d1f156,,unresolved-modified-or-unmapped,Unknown,101,89,False,False,0,False,,not claimed,full masked byte envelope + reachable instruction layout + import-symbol sequence; masked data/far-call addresses do not prove source semantics
1.10,1010:3B16,1.6,,,,5851849bacd8b03e93444d8a8f34d51c23fecddc73d6b8df7f016885c3b9d418,,unresolved-modified-or-unmapped,Unknown,101,89,False,False,0,False,,not claimed,full masked byte envelope + reachable instruction layout + import-symbol sequence; masked data/far-call addresses do not prove source semantics
1.10,1010:3B16,1.8,,,,144e96bb649c5463d440c343ad982ed8e5f143e788c9af08bbb890fcd1b3db22,,unresolved-modified-or-unmapped,Unknown,101,89,False,False,0,False,,not claimed,full masked byte envelope + reachable instruction layout + import-symbol sequence; masked data/far-call addresses do not prove source semantics
1.10,1010:3B16,1.10,1010:3B16,0x3b7b,0x19ad6,12fe5168783446275802e0e947898261b5eca6b88288f3a895fc1faa4c544481,f92d3646f91975d640c9530bfe8edc7283eee580cf1512dbe5f1fcf3f73e4349,unique-masked-binary-counterpart,High,101,89,True,True,1,True,1010:3B16,not claimed,full masked byte envelope + reachable instruction layout + import-symbol sequence; masked data/far-call addresses do not prove source semantics
1.10,1010:5B96,1.0,,,,6476e259a3a763e2985f22ea6655929e5b313f63ca4bcb976f98b6d50b72140c,,unresolved-modified-or-unmapped,Unknown,357,315,False,False,0,False,,not claimed,full masked byte envelope + reachable instruction layout + import-symbol sequence; masked data/far-call addresses do not prove source semantics
1.10,1010:5B96,1.3,,,,926c0001944b9822cdae10b35c92c2d6cd3772bc774c4c88fb17df7465d1f156,,unresolved-modified-or-unmapped,Unknown,357,315,False,False,0,False,,not claimed,full masked byte envelope + reachable instruction layout + import-symbol sequence; masked data/far-call addresses do not prove source semantics
1.10,1010:5B96,1.6,1010:5AF2,0x5c57,0x1ba92,5851849bacd8b03e93444d8a8f34d51c23fecddc73d6b8df7f016885c3b9d418,f2f09b5047be66697768bddc89d95525786c1e4be5cecd85235daf20f9a74ddd,unique-masked-binary-counterpart,High,357,315,True,True,9,True,1010:5AF2,not claimed,full masked byte envelope + reachable instruction layout + import-symbol sequence; masked data/far-call addresses do not prove source semantics
1.10,1010:5B96,1.8,1010:5AF2,0x5c57,0x1ba92,144e96bb649c5463d440c343ad982ed8e5f143e788c9af08bbb890fcd1b3db22,ef2a471aa5061fd51275bfe354f41c3f4d4a0fd67068bf2d2065326b5e2b1736,unique-masked-binary-counterpart,High,357,315,True,True,9,True,1010:5AF2,not claimed,full masked byte envelope + reachable instruction layout + import-symbol sequence; masked data/far-call addresses do not prove source semantics
1.10,1010:5B96,1.10,1010:5B96,0x5cfb,0x1bb56,12fe5168783446275802e0e947898261b5eca6b88288f3a895fc1faa4c544481,a0e646db1582fa0c7c4dbf1f0c3e9f571dc85d22417ae31703e020ae982f8169,unique-masked-binary-counterpart,High,357,315,True,True,9,True,1010:5B96,not claimed,full masked byte envelope + reachable instruction layout + import-symbol sequence; masked data/far-call addresses do not prove source semantics
1.10,1010:A0C6,1.0,,,,6476e259a3a763e2985f22ea6655929e5b313f63ca4bcb976f98b6d50b72140c,,unresolved-modified-or-unmapped,Unknown,39,39,False,False,0,False,,not claimed,full masked byte envelope + reachable instruction layout + import-symbol sequence; masked data/far-call addresses do not prove source semantics
1.10,1010:A0C6,1.3,1010:9EA4,0x9ecb,0x1fe44,926c0001944b9822cdae10b35c92c2d6cd3772bc774c4c88fb17df7465d1f156,cd6e8693a9f7555d1de18ca9e98862d70fc27da50802b74892f8f9663a24a73b,unique-masked-binary-counterpart,High,39,39,True,True,0,True,1010:9EA4,not claimed,full masked byte envelope + reachable instruction layout + import-symbol sequence; masked data/far-call addresses do not prove source semantics
1.10,1010:A0C6,1.6,1010:A018,0xa03f,0x1ffb8,5851849bacd8b03e93444d8a8f34d51c23fecddc73d6b8df7f016885c3b9d418,cd6e8693a9f7555d1de18ca9e98862d70fc27da50802b74892f8f9663a24a73b,unique-masked-binary-counterpart,High,39,39,True,True,0,True,1010:A018,not claimed,full masked byte envelope + reachable instruction layout + import-symbol sequence; masked data/far-call addresses do not prove source semantics
1.10,1010:A0C6,1.8,1010:A018,0xa03f,0x1ffb8,144e96bb649c5463d440c343ad982ed8e5f143e788c9af08bbb890fcd1b3db22,cd6e8693a9f7555d1de18ca9e98862d70fc27da50802b74892f8f9663a24a73b,unique-masked-binary-counterpart,High,39,39,True,True,0,True,1010:A018,not claimed,full masked byte envelope + reachable instruction layout + import-symbol sequence; masked data/far-call addresses do not prove source semantics
1.10,1010:A0C6,1.10,1010:A0C6,0xa0ed,0x20086,12fe5168783446275802e0e947898261b5eca6b88288f3a895fc1faa4c544481,cd6e8693a9f7555d1de18ca9e98862d70fc27da50802b74892f8f9663a24a73b,unique-masked-binary-counterpart,High,39,39,True,True,0,True,1010:A0C6,not claimed,full masked byte envelope + reachable instruction layout + import-symbol sequence; masked data/far-call addresses do not prove source semantics
1.10,1010:AE56,1.0,,,,6476e259a3a763e2985f22ea6655929e5b313f63ca4bcb976f98b6d50b72140c,,unresolved-modified-or-unmapped,Unknown,442,396,False,False,0,False,,not claimed,full masked byte envelope + reachable instruction layout + import-symbol sequence; masked data/far-call addresses do not prove source semantics
1.10,1010:AE56,1.3,,,,926c0001944b9822cdae10b35c92c2d6cd3772bc774c4c88fb17df7465d1f156,,unresolved-modified-or-unmapped,Unknown,442,396,False,False,0,False,,not claimed,full masked byte envelope + reachable instruction layout + import-symbol sequence; masked data/far-call addresses do not prove source semantics
1.10,1010:AE56,1.6,,,,5851849bacd8b03e93444d8a8f34d51c23fecddc73d6b8df7f016885c3b9d418,,unresolved-modified-or-unmapped,Unknown,442,396,False,False,0,False,,not claimed,full masked byte envelope + reachable instruction layout + import-symbol sequence; masked data/far-call addresses do not prove source semantics
1.10,1010:AE56,1.8,,,,144e96bb649c5463d440c343ad982ed8e5f143e788c9af08bbb890fcd1b3db22,,unresolved-modified-or-unmapped,Unknown,442,396,False,False,0,False,,not claimed,full masked byte envelope + reachable instruction layout + import-symbol sequence; masked data/far-call addresses do not prove source semantics
1.10,1010:AE56,1.10,1010:AE56,0xb010,0x20e16,12fe5168783446275802e0e947898261b5eca6b88288f3a895fc1faa4c544481,1cac70cadbb9f4a7fb45b4f18598bfe07f9d7f7e5ae2ae9046b8c0103d53e0ae,unique-masked-binary-counterpart,High,442,396,True,True,6,True,1010:AE56,not claimed,full masked byte envelope + reachable instruction layout + import-symbol sequence; masked data/far-call addresses do not prove source semantics
1.10,1010:D78C,1.0,1010:D55E,0xd592,0x234fe,6476e259a3a763e2985f22ea6655929e5b313f63ca4bcb976f98b6d50b72140c,785af37f66f70a78962eef5e8e2590eda89d8d9f0fb60a78dd5a8e93457c52d1,unique-masked-binary-counterpart,High,52,20,False,True,6,False,1010:D55E,not claimed,full masked byte envelope + reachable instruction layout + import-symbol sequence; masked data/far-call addresses do not prove source semantics
1.10,1010:D78C,1.3,1010:D56A,0xd59e,0x2350a,926c0001944b9822cdae10b35c92c2d6cd3772bc774c4c88fb17df7465d1f156,bb5ec2bf5ebd346b97f6e03d1d4beca89e4c5ffe93da0e6e296615e61e25b8ef,unique-masked-binary-counterpart,High,52,20,True,True,6,True,1010:D56A,not claimed,full masked byte envelope + reachable instruction layout + import-symbol sequence; masked data/far-call addresses do not prove source semantics
1.10,1010:D78C,1.6,1010:D6DE,0xd712,0x2367e,5851849bacd8b03e93444d8a8f34d51c23fecddc73d6b8df7f016885c3b9d418,3fec4db90d689832683d8dfea7a06c78b4773f464a6c382c522eb7b0cc5ba7c6,unique-masked-binary-counterpart,High,52,20,True,True,6,True,1010:D6DE,not claimed,full masked byte envelope + reachable instruction layout + import-symbol sequence; masked data/far-call addresses do not prove source semantics
1.10,1010:D78C,1.8,1010:D6DE,0xd712,0x2367e,144e96bb649c5463d440c343ad982ed8e5f143e788c9af08bbb890fcd1b3db22,5ff7d286e2e571211cdb03068f2e14283871e20ce02cb4a815a18e42d53f4889,unique-masked-binary-counterpart,High,52,20,True,True,6,True,1010:D6DE,not claimed,full masked byte envelope + reachable instruction layout + import-symbol sequence; masked data/far-call addresses do not prove source semantics
1.10,1010:D78C,1.10,1010:D78C,0xd7c0,0x2374c,12fe5168783446275802e0e947898261b5eca6b88288f3a895fc1faa4c544481,15bf2d95cd644ce2e1204615ed7e03aaaae1ec7b2ea7e77e273035ab0c296310,unique-masked-binary-counterpart,High,52,20,True,True,6,True,1010:D78C,not claimed,full masked byte envelope + reachable instruction layout + import-symbol sequence; masked data/far-call addresses do not prove source semantics
1.10,1010:D7C0,1.0,1010:D592,0xd5a2,0x23532,6476e259a3a763e2985f22ea6655929e5b313f63ca4bcb976f98b6d50b72140c,03496ca3dcdfd1fc1f92f44e4e2c9fcdb1f216f8aea9725a3b50008606def915,unique-masked-binary-counterpart,High,16,4,False,True,2,False,1000:27F9 | 1000:3450 | 1000:45C9 | 1000:7BAB | 1008:0F8F | 1010:D582 | 1010:D592,not claimed,full masked byte envelope + reachable instruction layout + import-symbol sequence; masked data/far-call addresses do not prove source semantics
1.10,1010:D7C0,1.3,1010:D59E,0xd5ae,0x2353e,926c0001944b9822cdae10b35c92c2d6cd3772bc774c4c88fb17df7465d1f156,ee477a6582897e763054323ed6988cccd33dac41d0736734dee49257b298f8e3,unique-masked-binary-counterpart,High,16,4,True,True,3,True,1000:27F9 | 1000:3450 | 1000:45C9 | 1000:7BAB | 1008:0F8F | 1010:D58E | 1010:D59E,not claimed,full masked byte envelope + reachable instruction layout + import-symbol sequence; masked data/far-call addresses do not prove source semantics
1.10,1010:D7C0,1.6,1010:D712,0xd722,0x236b2,5851849bacd8b03e93444d8a8f34d51c23fecddc73d6b8df7f016885c3b9d418,f10412913d5c26157ca57a7466700e61f01ed4c1c5773ee405768bde3c043101,unique-masked-binary-counterpart,High,16,4,True,True,3,True,1000:27F9 | 1000:3450 | 1000:45C9 | 1000:7BAB | 1008:0F8F | 1010:D702 | 1010:D712,not claimed,full masked byte envelope + reachable instruction layout + import-symbol sequence; masked data/far-call addresses do not prove source semantics
1.10,1010:D7C0,1.8,1010:D712,0xd722,0x236b2,144e96bb649c5463d440c343ad982ed8e5f143e788c9af08bbb890fcd1b3db22,f10412913d5c26157ca57a7466700e61f01ed4c1c5773ee405768bde3c043101,unique-masked-binary-counterpart,High,16,4,True,True,3,True,1000:27F9 | 1000:3450 | 1000:45C9 | 1000:7BAB | 1008:0F8F | 1010:D702 | 1010:D712,not claimed,full masked byte envelope + reachable instruction layout + import-symbol sequence; masked data/far-call addresses do not prove source semantics
1.10,1010:D7C0,1.10,1010:D7C0,0xd7d0,0x23780,12fe5168783446275802e0e947898261b5eca6b88288f3a895fc1faa4c544481,d569fd2ee554db5200598c33e531f8da1228e216b908cb985246583f7c46a8a2,unique-masked-binary-counterpart,High,16,4,True,True,3,True,1000:280D | 1000:3464 | 1000:45DD | 1000:7BBF | 1008:0F8F | 1010:D7B0 | 1010:D7C0,not claimed,full masked byte envelope + reachable instruction layout + import-symbol sequence; masked data/far-call addresses do not prove source semantics
1.10,1010:D7D0,1.0,,,,6476e259a3a763e2985f22ea6655929e5b313f63ca4bcb976f98b6d50b72140c,,unresolved-modified-or-unmapped,Unknown,299,261,False,False,0,False,,not claimed,full masked byte envelope + reachable instruction layout + import-symbol sequence; masked data/far-call addresses do not prove source semantics
1.10,1010:D7D0,1.3,1010:D5AE,0xd6d9,0x2354e,926c0001944b9822cdae10b35c92c2d6cd3772bc774c4c88fb17df7465d1f156,9798bdd821030457df4789e4c443cb9f72e7b124030c59c3dbcc553e1b999b4d,unique-masked-binary-counterpart,High,299,261,True,True,4,True,1010:D5AE,not claimed,full masked byte envelope + reachable instruction layout + import-symbol sequence; masked data/far-call addresses do not prove source semantics
1.10,1010:D7D0,1.6,1010:D722,0xd84d,0x236c2,5851849bacd8b03e93444d8a8f34d51c23fecddc73d6b8df7f016885c3b9d418,dc25e9c9c0fd625d5f120af51b4d0c6e0acfc5b871736322d58fdadfb3c5cb1f,unique-masked-binary-counterpart,High,299,261,True,True,4,True,1010:D722,not claimed,full masked byte envelope + reachable instruction layout + import-symbol sequence; masked data/far-call addresses do not prove source semantics
1.10,1010:D7D0,1.8,1010:D722,0xd84d,0x236c2,144e96bb649c5463d440c343ad982ed8e5f143e788c9af08bbb890fcd1b3db22,20132af15a8c49ec7219a69002b1f43a8c173d7b591e9a85fdce125c4ae73df2,unique-masked-binary-counterpart,High,299,261,True,True,4,True,1010:D722,not claimed,full masked byte envelope + reachable instruction layout + import-symbol sequence; masked data/far-call addresses do not prove source semantics
1.10,1010:D7D0,1.10,1010:D7D0,0xd8fb,0x23790,12fe5168783446275802e0e947898261b5eca6b88288f3a895fc1faa4c544481,4629d072f738c3274e24120d2045d71f2b783891d38a59f43bdff996375e20c5,unique-masked-binary-counterpart,High,299,261,True,True,4,True,1010:D7D0,not claimed,full masked byte envelope + reachable instruction layout + import-symbol sequence; masked data/far-call addresses do not prove source semantics
1.10,1010:E0C4,1.0,,,,6476e259a3a763e2985f22ea6655929e5b313f63ca4bcb976f98b6d50b72140c,,unresolved-modified-or-unmapped,Unknown,566,342,False,False,0,False,,not claimed,full masked byte envelope + reachable instruction layout + import-symbol sequence; masked data/far-call addresses do not prove source semantics
1.10,1010:E0C4,1.3,,,,926c0001944b9822cdae10b35c92c2d6cd3772bc774c4c88fb17df7465d1f156,,unresolved-modified-or-unmapped,Unknown,566,342,False,False,0,False,,not claimed,full masked byte envelope + reachable instruction layout + import-symbol sequence; masked data/far-call addresses do not prove source semantics
1.10,1010:E0C4,1.6,,,,5851849bacd8b03e93444d8a8f34d51c23fecddc73d6b8df7f016885c3b9d418,,unresolved-modified-or-unmapped,Unknown,566,342,False,False,0,False,,not claimed,full masked byte envelope + reachable instruction layout + import-symbol sequence; masked data/far-call addresses do not prove source semantics
1.10,1010:E0C4,1.8,1010:E016,0xe24c,0x23fb6,144e96bb649c5463d440c343ad982ed8e5f143e788c9af08bbb890fcd1b3db22,bb1528958a977c5f8c545591ed716e4a6767c1ef58255d846cf978895aabcb2c,unique-masked-binary-counterpart,High,566,342,True,True,13,True,1010:E016,not claimed,full masked byte envelope + reachable instruction layout + import-symbol sequence; masked data/far-call addresses do not prove source semantics
1.10,1010:E0C4,1.10,1010:E0C4,0xe2fa,0x24084,12fe5168783446275802e0e947898261b5eca6b88288f3a895fc1faa4c544481,e7f04c5104d364e0fe2ad849c23a4f110317451f1b0149e159988b68fc3b05b3,unique-masked-binary-counterpart,High,566,342,True,True,13,True,1010:E0C4,not claimed,full masked byte envelope + reachable instruction layout + import-symbol sequence; masked data/far-call addresses do not prove source semantics
1.10,1018:0000,1.0,,,,6476e259a3a763e2985f22ea6655929e5b313f63ca4bcb976f98b6d50b72140c,,unresolved-modified-or-unmapped,Unknown,72,70,False,False,0,False,,not claimed,full masked byte envelope + reachable instruction layout + import-symbol sequence; masked data/far-call addresses do not prove source semantics
1.10,1018:0000,1.3,,,,926c0001944b9822cdae10b35c92c2d6cd3772bc774c4c88fb17df7465d1f156,,unresolved-modified-or-unmapped,Unknown,72,70,False,False,0,False,,not claimed,full masked byte envelope + reachable instruction layout + import-symbol sequence; masked data/far-call addresses do not prove source semantics
1.10,1018:0000,1.6,,,,5851849bacd8b03e93444d8a8f34d51c23fecddc73d6b8df7f016885c3b9d418,,unresolved-modified-or-unmapped,Unknown,72,70,False,False,0,False,,not claimed,full masked byte envelope + reachable instruction layout + import-symbol sequence; masked data/far-call addresses do not prove source semantics
1.10,1018:0000,1.8,,,,144e96bb649c5463d440c343ad982ed8e5f143e788c9af08bbb890fcd1b3db22,,unresolved-modified-or-unmapped,Unknown,72,70,False,False,0,False,,not claimed,full masked byte envelope + reachable instruction layout + import-symbol sequence; masked data/far-call addresses do not prove source semantics
1.10,1018:0000,1.10,1018:0000,0x48,0x25260,12fe5168783446275802e0e947898261b5eca6b88288f3a895fc1faa4c544481,2cb32694360f15cf6284eaa742d832dcac7ecb94e5c1a911f4c8db8f2dcda903,unique-masked-binary-counterpart,High,72,70,False,True,0,True,1018:0000,not claimed,full masked byte envelope + reachable instruction layout + import-symbol sequence; masked data/far-call addresses do not prove source semantics
1.10,1018:0132,1.0,1010:ED0E,0xed65,0x24cae,6476e259a3a763e2985f22ea6655929e5b313f63ca4bcb976f98b6d50b72140c,f2deb43f7f0974aff12733d85bf275de43c3753364a8f18c90d78ff77e07cf18,unique-masked-binary-counterpart,High,87,71,False,True,1,False,1010:ED0E,not claimed,full masked byte envelope + reachable instruction layout + import-symbol sequence; masked data/far-call addresses do not prove source semantics
1.10,1018:0132,1.3,1010:ED5A,0xedb1,0x24cfa,926c0001944b9822cdae10b35c92c2d6cd3772bc774c4c88fb17df7465d1f156,fa7d4bc4a0efaaf4ece9f4200c0f319b7a14e0459123acbbb73a03c290d4cec2,unique-masked-binary-counterpart,High,87,71,False,True,1,False,1010:ED5A,not claimed,full masked byte envelope + reachable instruction layout + import-symbol sequence; masked data/far-call addresses do not prove source semantics
1.10,1018:0132,1.6,1018:0000,0x57,0x25260,5851849bacd8b03e93444d8a8f34d51c23fecddc73d6b8df7f016885c3b9d418,ed346bb617009a1341b6143d3f445feef2a44df3c20885e66a4c055e7870e532,unique-masked-binary-counterpart,High,87,71,False,True,1,True,1018:0000,not claimed,full masked byte envelope + reachable instruction layout + import-symbol sequence; masked data/far-call addresses do not prove source semantics
1.10,1018:0132,1.8,1018:00CA,0x121,0x252ca,144e96bb649c5463d440c343ad982ed8e5f143e788c9af08bbb890fcd1b3db22,11bbc98f5541a2f7dffb22e42540468665d296179fafa7769b917c2c2915e574,unique-masked-binary-counterpart,High,87,71,False,True,1,True,1018:00CA,not claimed,full masked byte envelope + reachable instruction layout + import-symbol sequence; masked data/far-call addresses do not prove source semantics
1.10,1018:0132,1.10,1018:0132,0x189,0x25392,12fe5168783446275802e0e947898261b5eca6b88288f3a895fc1faa4c544481,b0cdb476c93c37b1379c1cc96dd35d54aed1eafb3e84b5aefb36196d8d05dc64,unique-masked-binary-counterpart,High,87,71,False,True,1,True,1018:0132,not claimed,full masked byte envelope + reachable instruction layout + import-symbol sequence; masked data/far-call addresses do not prove source semantics
1.10,1018:018A,1.0,,,,6476e259a3a763e2985f22ea6655929e5b313f63ca4bcb976f98b6d50b72140c,,unresolved-modified-or-unmapped,Unknown,226,190,False,False,0,False,,not claimed,full masked byte envelope + reachable instruction layout + import-symbol sequence; masked data/far-call addresses do not prove source semantics
1.10,1018:018A,1.3,,,,926c0001944b9822cdae10b35c92c2d6cd3772bc774c4c88fb17df7465d1f156,,unresolved-modified-or-unmapped,Unknown,226,190,False,False,0,False,,not claimed,full masked byte envelope + reachable instruction layout + import-symbol sequence; masked data/far-call addresses do not prove source semantics
1.10,1018:018A,1.6,,,,5851849bacd8b03e93444d8a8f34d51c23fecddc73d6b8df7f016885c3b9d418,,unresolved-modified-or-unmapped,Unknown,226,190,False,False,0,False,,not claimed,full masked byte envelope + reachable instruction layout + import-symbol sequence; masked data/far-call addresses do not prove source semantics
1.10,1018:018A,1.8,,,,144e96bb649c5463d440c343ad982ed8e5f143e788c9af08bbb890fcd1b3db22,,unresolved-modified-or-unmapped,Unknown,226,190,False,False,0,False,,not claimed,full masked byte envelope + reachable instruction layout + import-symbol sequence; masked data/far-call addresses do not prove source semantics
1.10,1018:018A,1.10,1018:018A,0x26c,0x253ea,12fe5168783446275802e0e947898261b5eca6b88288f3a895fc1faa4c544481,2d72a9a665f187e535d84dd8e832c5a7e4ddb41e956975007608d540cae85b82,unique-masked-binary-counterpart,High,226,190,False,True,2,True,1018:018A,not claimed,full masked byte envelope + reachable instruction layout + import-symbol sequence; masked data/far-call addresses do not prove source semantics
1.10,1018:026C,1.0,1010:EE48,0xeed2,0x24de8,6476e259a3a763e2985f22ea6655929e5b313f63ca4bcb976f98b6d50b72140c,f6330059600bb21024e940e048131c4bf494a72c66733d1b7f694d18f3746e7c,unique-masked-binary-counterpart,High,138,112,False,True,4,False,1010:EE48,not claimed,full masked byte envelope + reachable instruction layout + import-symbol sequence; masked data/far-call addresses do not prove source semantics
1.10,1018:026C,1.3,1010:EE94,0xef1e,0x24e34,926c0001944b9822cdae10b35c92c2d6cd3772bc774c4c88fb17df7465d1f156,bc3a556dd14eef646127cbf49230c8fd6769ed9fdb6741dec174b65fde70c4ac,unique-masked-binary-counterpart,High,138,112,False,True,4,False,1010:EE94,not claimed,full masked byte envelope + reachable instruction layout + import-symbol sequence; masked data/far-call addresses do not prove source semantics
1.10,1018:026C,1.6,1018:013A,0x1c4,0x2539a,5851849bacd8b03e93444d8a8f34d51c23fecddc73d6b8df7f016885c3b9d418,71a3149d421e5804ddda0b2b1c49efb908c85589a55b1273a144bf9d64f6cc02,unique-masked-binary-counterpart,High,138,112,False,True,4,True,1018:013A,not claimed,full masked byte envelope + reachable instruction layout + import-symbol sequence; masked data/far-call addresses do not prove source semantics
1.10,1018:026C,1.8,1018:0204,0x28e,0x25404,144e96bb649c5463d440c343ad982ed8e5f143e788c9af08bbb890fcd1b3db22,263bef6772e29051d8b14f333e687e3be6a35ea5cc1c76387b5de2974028004c,unique-masked-binary-counterpart,High,138,112,False,True,4,True,1018:0204,not claimed,full masked byte envelope + reachable instruction layout + import-symbol sequence; masked data/far-call addresses do not prove source semantics
1.10,1018:026C,1.10,1018:026C,0x2f6,0x254cc,12fe5168783446275802e0e947898261b5eca6b88288f3a895fc1faa4c544481,486a1b2507a77cec40b60b1b4a9a4458d9469bb2bfe9ede11515d10e3b440c77,unique-masked-binary-counterpart,High,138,112,False,True,4,True,1018:026C,not claimed,full masked byte envelope + reachable instruction layout + import-symbol sequence; masked data/far-call addresses do not prove source semantics
1.10,1018:02F6,1.0,1010:EED2,0xef06,0x24e72,6476e259a3a763e2985f22ea6655929e5b313f63ca4bcb976f98b6d50b72140c,85406baeb828000481694ff6bb9285eca80f439d8f6ac972898725c33ba00ade,unique-masked-binary-counterpart,High,52,42,False,True,0,False,1010:EED2,not claimed,full masked byte envelope + reachable instruction layout + import-symbol sequence; masked data/far-call addresses do not prove source semantics
1.10,1018:02F6,1.3,1010:EF1E,0xef52,0x24ebe,926c0001944b9822cdae10b35c92c2d6cd3772bc774c4c88fb17df7465d1f156,9e1b5699be52a84d865e5295bd0afadadbedcfb2f40121fc8c4f14757380fa35,unique-masked-binary-counterpart,High,52,42,False,True,0,False,1010:EF1E,not claimed,full masked byte envelope + reachable instruction layout + import-symbol sequence; masked data/far-call addresses do not prove source semantics
1.10,1018:02F6,1.6,1018:01C4,0x1f8,0x25424,5851849bacd8b03e93444d8a8f34d51c23fecddc73d6b8df7f016885c3b9d418,2812808fa738c6fe4a5e8a86347e1f7b85d16f420714c162e64d4ea9cfd41fd5,unique-masked-binary-counterpart,High,52,42,False,True,0,True,1018:01C4,not claimed,full masked byte envelope + reachable instruction layout + import-symbol sequence; masked data/far-call addresses do not prove source semantics
1.10,1018:02F6,1.8,1018:028E,0x2c2,0x2548e,144e96bb649c5463d440c343ad982ed8e5f143e788c9af08bbb890fcd1b3db22,c5fcd5f9c883f8b5b24d09d1737369ac25e8f03c39b4eeafd2d044efe359fc86,unique-masked-binary-counterpart,High,52,42,False,True,0,True,1018:028E,not claimed,full masked byte envelope + reachable instruction layout + import-symbol sequence; masked data/far-call addresses do not prove source semantics
1.10,1018:02F6,1.10,1018:02F6,0x32a,0x25556,12fe5168783446275802e0e947898261b5eca6b88288f3a895fc1faa4c544481,a94a159d4f764a4028bd554dfd4a04dda4804c50033ea1e2fe730499248cc369,unique-masked-binary-counterpart,High,52,42,False,True,0,True,1018:02F6,not claimed,full masked byte envelope + reachable instruction layout + import-symbol sequence; masked data/far-call addresses do not prove source semantics
1.10,1018:2FC6,1.0,,,,6476e259a3a763e2985f22ea6655929e5b313f63ca4bcb976f98b6d50b72140c,,unresolved-modified-or-unmapped,Unknown,199,121,False,False,0,False,,not claimed,full masked byte envelope + reachable instruction layout + import-symbol sequence; masked data/far-call addresses do not prove source semantics
1.10,1018:2FC6,1.3,,,,926c0001944b9822cdae10b35c92c2d6cd3772bc774c4c88fb17df7465d1f156,,unresolved-modified-or-unmapped,Unknown,199,121,False,False,0,False,,not claimed,full masked byte envelope + reachable instruction layout + import-symbol sequence; masked data/far-call addresses do not prove source semantics
1.10,1018:2FC6,1.6,,,,5851849bacd8b03e93444d8a8f34d51c23fecddc73d6b8df7f016885c3b9d418,,unresolved-modified-or-unmapped,Unknown,199,121,False,False,0,False,,not claimed,full masked byte envelope + reachable instruction layout + import-symbol sequence; masked data/far-call addresses do not prove source semantics
1.10,1018:2FC6,1.8,,,,144e96bb649c5463d440c343ad982ed8e5f143e788c9af08bbb890fcd1b3db22,,unresolved-modified-or-unmapped,Unknown,199,121,False,False,0,False,,not claimed,full masked byte envelope + reachable instruction layout + import-symbol sequence; masked data/far-call addresses do not prove source semantics
1.10,1018:2FC6,1.10,1018:2FC6,0x308d,0x28226,12fe5168783446275802e0e947898261b5eca6b88288f3a895fc1faa4c544481,a6cf78e9550d577fc534c77c943563b9e89256f0e5cb5218fed43c2b5606aaad,unique-masked-binary-counterpart,High,199,121,True,True,15,True,1018:2FC6,not claimed,full masked byte envelope + reachable instruction layout + import-symbol sequence; masked data/far-call addresses do not prove source semantics
1.10,1018:308E,1.0,,,,6476e259a3a763e2985f22ea6655929e5b313f63ca4bcb976f98b6d50b72140c,,unresolved-modified-or-unmapped,Unknown,138,92,False,False,0,False,,not claimed,full masked byte envelope + reachable instruction layout + import-symbol sequence; masked data/far-call addresses do not prove source semantics
1.10,1018:308E,1.3,,,,926c0001944b9822cdae10b35c92c2d6cd3772bc774c4c88fb17df7465d1f156,,unresolved-modified-or-unmapped,Unknown,138,92,False,False,0,False,,not claimed,full masked byte envelope + reachable instruction layout + import-symbol sequence; masked data/far-call addresses do not prove source semantics
1.10,1018:308E,1.6,,,,5851849bacd8b03e93444d8a8f34d51c23fecddc73d6b8df7f016885c3b9d418,,unresolved-modified-or-unmapped,Unknown,138,92,False,False,0,False,,not claimed,full masked byte envelope + reachable instruction layout + import-symbol sequence; masked data/far-call addresses do not prove source semantics
1.10,1018:308E,1.8,,,,144e96bb649c5463d440c343ad982ed8e5f143e788c9af08bbb890fcd1b3db22,,unresolved-modified-or-unmapped,Unknown,138,92,False,False,0,False,,not claimed,full masked byte envelope + reachable instruction layout + import-symbol sequence; masked data/far-call addresses do not prove source semantics
1.10,1018:308E,1.10,1018:308E,0x3118,0x282ee,12fe5168783446275802e0e947898261b5eca6b88288f3a895fc1faa4c544481,bc1ceee7331855da93ccee864a1891a2169fed3317bf115030472605c69a99be,unique-masked-binary-counterpart,High,138,92,True,True,5,True,1018:308E,not claimed,full masked byte envelope + reachable instruction layout + import-symbol sequence; masked data/far-call addresses do not prove source semantics
1.10,1018:3118,1.0,,,,6476e259a3a763e2985f22ea6655929e5b313f63ca4bcb976f98b6d50b72140c,,unresolved-modified-or-unmapped,Unknown,101,63,False,False,0,False,,not claimed,full masked byte envelope + reachable instruction layout + import-symbol sequence; masked data/far-call addresses do not prove source semantics
1.10,1018:3118,1.3,,,,926c0001944b9822cdae10b35c92c2d6cd3772bc774c4c88fb17df7465d1f156,,unresolved-modified-or-unmapped,Unknown,101,63,False,False,0,False,,not claimed,full masked byte envelope + reachable instruction layout + import-symbol sequence; masked data/far-call addresses do not prove source semantics
1.10,1018:3118,1.6,,,,5851849bacd8b03e93444d8a8f34d51c23fecddc73d6b8df7f016885c3b9d418,,unresolved-modified-or-unmapped,Unknown,101,63,False,False,0,False,,not claimed,full masked byte envelope + reachable instruction layout + import-symbol sequence; masked data/far-call addresses do not prove source semantics
1.10,1018:3118,1.8,,,,144e96bb649c5463d440c343ad982ed8e5f143e788c9af08bbb890fcd1b3db22,,unresolved-modified-or-unmapped,Unknown,101,63,False,False,0,False,,not claimed,full masked byte envelope + reachable instruction layout + import-symbol sequence; masked data/far-call addresses do not prove source semantics
1.10,1018:3118,1.10,1018:3118,0x317d,0x28378,12fe5168783446275802e0e947898261b5eca6b88288f3a895fc1faa4c544481,5e725f4cb21dc1032e88e4f956023c39d5a7cc393ae6a899dc99fcbad68b31bd,unique-masked-binary-counterpart,High,101,63,True,True,5,True,1018:3118,not claimed,full masked byte envelope + reachable instruction layout + import-symbol sequence; masked data/far-call addresses do not prove source semantics
1.10,1018:032A,1.0,1010:EF06,0xef50,0x24ea6,6476e259a3a763e2985f22ea6655929e5b313f63ca4bcb976f98b6d50b72140c,79af710538e7aed24480698517c3d06c956e76b756cdc04398aaf0cb7d5db40e,unique-masked-binary-counterpart,High,74,62,False,True,1,False,1010:EF06,not claimed,full masked byte envelope + reachable instruction layout + import-symbol sequence; masked data/far-call addresses do not prove source semantics
1.10,1018:032A,1.3,1010:EF52,0xef9c,0x24ef2,926c0001944b9822cdae10b35c92c2d6cd3772bc774c4c88fb17df7465d1f156,fb54e3f7890debb5352365e9a92c4cfc6d304472300f11d7abf976513180c577,unique-masked-binary-counterpart,High,74,62,False,True,1,True,1010:EF52,not claimed,full masked byte envelope + reachable instruction layout + import-symbol sequence; masked data/far-call addresses do not prove source semantics
1.10,1018:032A,1.6,1018:01F8,0x242,0x25458,5851849bacd8b03e93444d8a8f34d51c23fecddc73d6b8df7f016885c3b9d418,a382fa4b45511a4d2f6c689684c6dde123b0cb28a11bbc467860ead7d3713c60,unique-masked-binary-counterpart,High,74,62,False,True,1,True,1018:01F8,not claimed,full masked byte envelope + reachable instruction layout + import-symbol sequence; masked data/far-call addresses do not prove source semantics
1.10,1018:032A,1.8,1018:02C2,0x30c,0x254c2,144e96bb649c5463d440c343ad982ed8e5f143e788c9af08bbb890fcd1b3db22,1790516b4324f3a5d6cc47202a8d5ae777509acae9846bcc1f24aa0531587f55,unique-masked-binary-counterpart,High,74,62,False,True,1,True,1018:02C2,not claimed,full masked byte envelope + reachable instruction layout + import-symbol sequence; masked data/far-call addresses do not prove source semantics
1.10,1018:032A,1.10,1018:032A,0x374,0x2558a,12fe5168783446275802e0e947898261b5eca6b88288f3a895fc1faa4c544481,4a1c8bb5dba170d802af0697b37e55ef747e15ca85c1b62743d173363826214f,unique-masked-binary-counterpart,High,74,62,False,True,1,True,1018:032A,not claimed,full masked byte envelope + reachable instruction layout + import-symbol sequence; masked data/far-call addresses do not prove source semantics
1.10,1018:3322,1.0,1018:2F4C,0x2f8d,0x2818c,6476e259a3a763e2985f22ea6655929e5b313f63ca4bcb976f98b6d50b72140c,55f1e7b83047531fa6e727096c2b2543429024bd72e869d7b32c656a1cecb5cf,unique-masked-binary-counterpart,High,65,49,False,True,0,False,1018:2F4C,not claimed,full masked byte envelope + reachable instruction layout + import-symbol sequence; masked data/far-call addresses do not prove source semantics
1.10,1018:3322,1.3,1018:2FF0,0x3031,0x28210,926c0001944b9822cdae10b35c92c2d6cd3772bc774c4c88fb17df7465d1f156,72cf9cf15f5639155cf6bfe8116d168c4b2d730d9d7d29321a22f827a512ccc6,unique-masked-binary-counterpart,High,65,49,False,True,0,False,1018:2FF0,not claimed,full masked byte envelope + reachable instruction layout + import-symbol sequence; masked data/far-call addresses do not prove source semantics
1.10,1018:3322,1.6,1018:3260,0x32a1,0x284c0,5851849bacd8b03e93444d8a8f34d51c23fecddc73d6b8df7f016885c3b9d418,731098eb81737f6ca82ca62f1ba46a4edf9a877a4e175731ebf399854ca8f7ad,unique-masked-binary-counterpart,High,65,49,True,True,0,True,1018:3260,not claimed,full masked byte envelope + reachable instruction layout + import-symbol sequence; masked data/far-call addresses do not prove source semantics
1.10,1018:3322,1.8,1018:332A,0x336b,0x2852a,144e96bb649c5463d440c343ad982ed8e5f143e788c9af08bbb890fcd1b3db22,a0bfe34e9bb3b6098587a3fb3ebd071fab6814461e69743cb23ac7c9f18a69a8,unique-masked-binary-counterpart,High,65,49,True,True,0,True,1018:332A,not claimed,full masked byte envelope + reachable instruction layout + import-symbol sequence; masked data/far-call addresses do not prove source semantics
1.10,1018:3322,1.10,1018:3322,0x3363,0x28582,12fe5168783446275802e0e947898261b5eca6b88288f3a895fc1faa4c544481,0e1ed16ae24b25d79849a7be72af849784eec582921cfd21b32c1102c3f5a1b1,unique-masked-binary-counterpart,High,65,49,True,True,0,True,1018:3322,not claimed,full masked byte envelope + reachable instruction layout + import-symbol sequence; masked data/far-call addresses do not prove source semantics
1.10,1018:3364,1.0,,,,6476e259a3a763e2985f22ea6655929e5b313f63ca4bcb976f98b6d50b72140c,,unresolved-modified-or-unmapped,Unknown,85,53,False,False,0,False,,not claimed,full masked byte envelope + reachable instruction layout + import-symbol sequence; masked data/far-call addresses do not prove source semantics
1.10,1018:3364,1.3,,,,926c0001944b9822cdae10b35c92c2d6cd3772bc774c4c88fb17df7465d1f156,,unresolved-modified-or-unmapped,Unknown,85,53,False,False,0,False,,not claimed,full masked byte envelope + reachable instruction layout + import-symbol sequence; masked data/far-call addresses do not prove source semantics
1.10,1018:3364,1.6,,,,5851849bacd8b03e93444d8a8f34d51c23fecddc73d6b8df7f016885c3b9d418,,unresolved-modified-or-unmapped,Unknown,85,53,False,False,0,False,,not claimed,full masked byte envelope + reachable instruction layout + import-symbol sequence; masked data/far-call addresses do not prove source semantics
1.10,1018:3364,1.8,,,,144e96bb649c5463d440c343ad982ed8e5f143e788c9af08bbb890fcd1b3db22,,unresolved-modified-or-unmapped,Unknown,85,53,False,False,0,False,,not claimed,full masked byte envelope + reachable instruction layout + import-symbol sequence; masked data/far-call addresses do not prove source semantics
1.10,1018:3364,1.10,1018:3364,0x33b9,0x285c4,12fe5168783446275802e0e947898261b5eca6b88288f3a895fc1faa4c544481,12b2112f13b418b67c5ae5f99650f60dbb1b2b04934e2893f4a0bebf8d8cda86,unique-masked-binary-counterpart,High,85,53,True,True,4,True,1018:3364,not claimed,full masked byte envelope + reachable instruction layout + import-symbol sequence; masked data/far-call addresses do not prove source semantics
1.10,1018:0068,1.0,,,,6476e259a3a763e2985f22ea6655929e5b313f63ca4bcb976f98b6d50b72140c,,unresolved-modified-or-unmapped,Unknown,201,175,False,False,0,False,,not claimed,full masked byte envelope + reachable instruction layout + import-symbol sequence; masked data/far-call addresses do not prove source semantics
1.10,1018:0068,1.3,,,,926c0001944b9822cdae10b35c92c2d6cd3772bc774c4c88fb17df7465d1f156,,unresolved-modified-or-unmapped,Unknown,201,175,False,False,0,False,,not claimed,full masked byte envelope + reachable instruction layout + import-symbol sequence; masked data/far-call addresses do not prove source semantics
1.10,1018:0068,1.6,,,,5851849bacd8b03e93444d8a8f34d51c23fecddc73d6b8df7f016885c3b9d418,,unresolved-modified-or-unmapped,Unknown,201,175,False,False,0,False,,not claimed,full masked byte envelope + reachable instruction layout + import-symbol sequence; masked data/far-call addresses do not prove source semantics
1.10,1018:0068,1.8,,,,144e96bb649c5463d440c343ad982ed8e5f143e788c9af08bbb890fcd1b3db22,,unresolved-modified-or-unmapped,Unknown,201,175,False,False,0,False,,not claimed,full masked byte envelope + reachable instruction layout + import-symbol sequence; masked data/far-call addresses do not prove source semantics
1.10,1018:0068,1.10,1018:0068,0x131,0x252c8,12fe5168783446275802e0e947898261b5eca6b88288f3a895fc1faa4c544481,9f2fdf701806cc9870a5d835b8ae288b8604d0ef704afaf18bfd9dca67409fe9,unique-masked-binary-counterpart,High,201,175,False,True,3,True,1018:0068,not claimed,full masked byte envelope + reachable instruction layout + import-symbol sequence; masked data/far-call addresses do not prove source semantics
1.3,1010:184A,1.0,,,,6476e259a3a763e2985f22ea6655929e5b313f63ca4bcb976f98b6d50b72140c,,unresolved-modified-or-unmapped,Unknown,408,380,False,False,0,False,,not claimed,full masked byte envelope + reachable instruction layout + import-symbol sequence; masked data/far-call addresses do not prove source semantics
1.3,1010:184A,1.3,1010:184A,0x19e2,0x177ea,926c0001944b9822cdae10b35c92c2d6cd3772bc774c4c88fb17df7465d1f156,c729172c3f6e19112e107586a5baf7184c54411dffe582005d2b12fc20d6e2a4,unique-masked-binary-counterpart,High,408,380,True,True,4,True,1010:184A,not claimed,full masked byte envelope + reachable instruction layout + import-symbol sequence; masked data/far-call addresses do not prove source semantics
1.3,1010:184A,1.6,1010:183E,0x19d6,0x177de,5851849bacd8b03e93444d8a8f34d51c23fecddc73d6b8df7f016885c3b9d418,c843c18dee94b6d44d455ba7843d4064980a73e1d8cb35cbb19b6668310afbde,unique-masked-binary-counterpart,High,408,380,True,True,4,True,1010:183E,not claimed,full masked byte envelope + reachable instruction layout + import-symbol sequence; masked data/far-call addresses do not prove source semantics
1.3,1010:184A,1.8,1010:183E,0x19d6,0x177de,144e96bb649c5463d440c343ad982ed8e5f143e788c9af08bbb890fcd1b3db22,acd91a20f97daeaf9ecb4097730e5c0d2b69ce1bdba3bca02881a26eebb02209,unique-masked-binary-counterpart,High,408,380,True,True,4,True,1010:183E,not claimed,full masked byte envelope + reachable instruction layout + import-symbol sequence; masked data/far-call addresses do not prove source semantics
1.3,1010:184A,1.10,1010:188A,0x1a22,0x1784a,12fe5168783446275802e0e947898261b5eca6b88288f3a895fc1faa4c544481,347510b0d6e83506d94dff418dfd0607665cd510431cfc003a8467501ceb1a72,unique-masked-binary-counterpart,High,408,380,True,True,4,True,1010:188A,not claimed,full masked byte envelope + reachable instruction layout + import-symbol sequence; masked data/far-call addresses do not prove source semantics
1.3,1010:2B94,1.0,1010:2B86,0x2b98,0x18b26,6476e259a3a763e2985f22ea6655929e5b313f63ca4bcb976f98b6d50b72140c,e97547dfc1b0603039e87efad5217a68f15e24a1d2bdc0ed0151e4477ceab977,unique-masked-binary-counterpart,High,18,12,False,True,0,False,1010:2B86,not claimed,full masked byte envelope + reachable instruction layout + import-symbol sequence; masked data/far-call addresses do not prove source semantics
1.3,1010:2B94,1.3,1010:2B94,0x2ba6,0x18b34,926c0001944b9822cdae10b35c92c2d6cd3772bc774c4c88fb17df7465d1f156,e97547dfc1b0603039e87efad5217a68f15e24a1d2bdc0ed0151e4477ceab977,unique-masked-binary-counterpart,High,18,12,True,True,0,True,1010:2B94,not claimed,full masked byte envelope + reachable instruction layout + import-symbol sequence; masked data/far-call addresses do not prove source semantics
1.3,1010:2B94,1.6,1010:2B88,0x2b9a,0x18b28,5851849bacd8b03e93444d8a8f34d51c23fecddc73d6b8df7f016885c3b9d418,e97547dfc1b0603039e87efad5217a68f15e24a1d2bdc0ed0151e4477ceab977,unique-masked-binary-counterpart,High,18,12,True,True,0,False,1010:2B88,not claimed,full masked byte envelope + reachable instruction layout + import-symbol sequence; masked data/far-call addresses do not prove source semantics
1.3,1010:2B94,1.8,1010:2B88,0x2b9a,0x18b28,144e96bb649c5463d440c343ad982ed8e5f143e788c9af08bbb890fcd1b3db22,e97547dfc1b0603039e87efad5217a68f15e24a1d2bdc0ed0151e4477ceab977,unique-masked-binary-counterpart,High,18,12,True,True,0,False,1010:2B88,not claimed,full masked byte envelope + reachable instruction layout + import-symbol sequence; masked data/far-call addresses do not prove source semantics
1.3,1010:2B94,1.10,1010:2BD4,0x2be6,0x18b94,12fe5168783446275802e0e947898261b5eca6b88288f3a895fc1faa4c544481,e97547dfc1b0603039e87efad5217a68f15e24a1d2bdc0ed0151e4477ceab977,unique-masked-binary-counterpart,High,18,12,True,True,0,False,1010:2BD4,not claimed,full masked byte envelope + reachable instruction layout + import-symbol sequence; masked data/far-call addresses do not prove source semantics
1.3,1010:2BA6,1.0,,,,6476e259a3a763e2985f22ea6655929e5b313f63ca4bcb976f98b6d50b72140c,,unresolved-modified-or-unmapped,Unknown,28,18,False,False,0,False,,not claimed,full masked byte envelope + reachable instruction layout + import-symbol sequence; masked data/far-call addresses do not prove source semantics
1.3,1010:2BA6,1.3,1010:2BA6,0x2bc2,0x18b46,926c0001944b9822cdae10b35c92c2d6cd3772bc774c4c88fb17df7465d1f156,f34d05400b57d370c39c4066299368cf6ade1c218e4bab58753fc5cf58f395f8,unique-masked-binary-counterpart,High,28,18,True,True,1,True,1010:2BA6,not claimed,full masked byte envelope + reachable instruction layout + import-symbol sequence; masked data/far-call addresses do not prove source semantics
1.3,1010:2BA6,1.6,1010:2B9A,0x2bb6,0x18b3a,5851849bacd8b03e93444d8a8f34d51c23fecddc73d6b8df7f016885c3b9d418,5a91c3d6e2a7901092c053b5cc9d84e54510e48170e4d3a6d5ee48a3f5a0a486,unique-masked-binary-counterpart,High,28,18,True,True,1,True,1010:2B9A,not claimed,full masked byte envelope + reachable instruction layout + import-symbol sequence; masked data/far-call addresses do not prove source semantics
1.3,1010:2BA6,1.8,1010:2B9A,0x2bb6,0x18b3a,144e96bb649c5463d440c343ad982ed8e5f143e788c9af08bbb890fcd1b3db22,be17aaf303d9b486d4eebd8f7bff995a57ccad793f09597fb0a2ada01f3c3f4d,unique-masked-binary-counterpart,High,28,18,True,True,1,True,1010:2B9A,not claimed,full masked byte envelope + reachable instruction layout + import-symbol sequence; masked data/far-call addresses do not prove source semantics
1.3,1010:2BA6,1.10,1010:2BE6,0x2c02,0x18ba6,12fe5168783446275802e0e947898261b5eca6b88288f3a895fc1faa4c544481,399827fe0b83d155bb1625945413cc744def5bac709cafc2194d79f1610e5a1d,unique-masked-binary-counterpart,High,28,18,True,True,1,True,1010:2BE6,not claimed,full masked byte envelope + reachable instruction layout + import-symbol sequence; masked data/far-call addresses do not prove source semantics
1.3,1010:9EA4,1.0,,,,6476e259a3a763e2985f22ea6655929e5b313f63ca4bcb976f98b6d50b72140c,,unresolved-modified-or-unmapped,Unknown,39,39,False,False,0,False,,not claimed,full masked byte envelope + reachable instruction layout + import-symbol sequence; masked data/far-call addresses do not prove source semantics
1.3,1010:9EA4,1.3,1010:9EA4,0x9ecb,0x1fe44,926c0001944b9822cdae10b35c92c2d6cd3772bc774c4c88fb17df7465d1f156,cd6e8693a9f7555d1de18ca9e98862d70fc27da50802b74892f8f9663a24a73b,unique-masked-binary-counterpart,High,39,39,True,True,0,True,1010:9EA4,not claimed,full masked byte envelope + reachable instruction layout + import-symbol sequence; masked data/far-call addresses do not prove source semantics
1.3,1010:9EA4,1.6,1010:A018,0xa03f,0x1ffb8,5851849bacd8b03e93444d8a8f34d51c23fecddc73d6b8df7f016885c3b9d418,cd6e8693a9f7555d1de18ca9e98862d70fc27da50802b74892f8f9663a24a73b,unique-masked-binary-counterpart,High,39,39,True,True,0,True,1010:A018,not claimed,full masked byte envelope + reachable instruction layout + import-symbol sequence; masked data/far-call addresses do not prove source semantics
1.3,1010:9EA4,1.8,1010:A018,0xa03f,0x1ffb8,144e96bb649c5463d440c343ad982ed8e5f143e788c9af08bbb890fcd1b3db22,cd6e8693a9f7555d1de18ca9e98862d70fc27da50802b74892f8f9663a24a73b,unique-masked-binary-counterpart,High,39,39,True,True,0,True,1010:A018,not claimed,full masked byte envelope + reachable instruction layout + import-symbol sequence; masked data/far-call addresses do not prove source semantics
1.3,1010:9EA4,1.10,1010:A0C6,0xa0ed,0x20086,12fe5168783446275802e0e947898261b5eca6b88288f3a895fc1faa4c544481,cd6e8693a9f7555d1de18ca9e98862d70fc27da50802b74892f8f9663a24a73b,unique-masked-binary-counterpart,High,39,39,True,True,0,True,1010:A0C6,not claimed,full masked byte envelope + reachable instruction layout + import-symbol sequence; masked data/far-call addresses do not prove source semantics
1.3,1010:D56A,1.0,1010:D55E,0xd592,0x234fe,6476e259a3a763e2985f22ea6655929e5b313f63ca4bcb976f98b6d50b72140c,785af37f66f70a78962eef5e8e2590eda89d8d9f0fb60a78dd5a8e93457c52d1,unique-masked-binary-counterpart,High,52,20,False,True,6,False,1010:D55E,not claimed,full masked byte envelope + reachable instruction layout + import-symbol sequence; masked data/far-call addresses do not prove source semantics
1.3,1010:D56A,1.3,1010:D56A,0xd59e,0x2350a,926c0001944b9822cdae10b35c92c2d6cd3772bc774c4c88fb17df7465d1f156,bb5ec2bf5ebd346b97f6e03d1d4beca89e4c5ffe93da0e6e296615e61e25b8ef,unique-masked-binary-counterpart,High,52,20,True,True,6,True,1010:D56A,not claimed,full masked byte envelope + reachable instruction layout + import-symbol sequence; masked data/far-call addresses do not prove source semantics
1.3,1010:D56A,1.6,1010:D6DE,0xd712,0x2367e,5851849bacd8b03e93444d8a8f34d51c23fecddc73d6b8df7f016885c3b9d418,3fec4db90d689832683d8dfea7a06c78b4773f464a6c382c522eb7b0cc5ba7c6,unique-masked-binary-counterpart,High,52,20,True,True,6,True,1010:D6DE,not claimed,full masked byte envelope + reachable instruction layout + import-symbol sequence; masked data/far-call addresses do not prove source semantics
1.3,1010:D56A,1.8,1010:D6DE,0xd712,0x2367e,144e96bb649c5463d440c343ad982ed8e5f143e788c9af08bbb890fcd1b3db22,5ff7d286e2e571211cdb03068f2e14283871e20ce02cb4a815a18e42d53f4889,unique-masked-binary-counterpart,High,52,20,True,True,6,True,1010:D6DE,not claimed,full masked byte envelope + reachable instruction layout + import-symbol sequence; masked data/far-call addresses do not prove source semantics
1.3,1010:D56A,1.10,1010:D78C,0xd7c0,0x2374c,12fe5168783446275802e0e947898261b5eca6b88288f3a895fc1faa4c544481,15bf2d95cd644ce2e1204615ed7e03aaaae1ec7b2ea7e77e273035ab0c296310,unique-masked-binary-counterpart,High,52,20,True,True,6,True,1010:D78C,not claimed,full masked byte envelope + reachable instruction layout + import-symbol sequence; masked data/far-call addresses do not prove source semantics
1.3,1010:D59E,1.0,1010:D592,0xd5a2,0x23532,6476e259a3a763e2985f22ea6655929e5b313f63ca4bcb976f98b6d50b72140c,03496ca3dcdfd1fc1f92f44e4e2c9fcdb1f216f8aea9725a3b50008606def915,unique-masked-binary-counterpart,High,16,4,False,True,2,False,1000:27F9 | 1000:3450 | 1000:45C9 | 1000:7BAB | 1008:0F8F | 1010:D582 | 1010:D592,not claimed,full masked byte envelope + reachable instruction layout + import-symbol sequence; masked data/far-call addresses do not prove source semantics
1.3,1010:D59E,1.3,1010:D59E,0xd5ae,0x2353e,926c0001944b9822cdae10b35c92c2d6cd3772bc774c4c88fb17df7465d1f156,ee477a6582897e763054323ed6988cccd33dac41d0736734dee49257b298f8e3,unique-masked-binary-counterpart,High,16,4,True,True,3,True,1000:27F9 | 1000:3450 | 1000:45C9 | 1000:7BAB | 1008:0F8F | 1010:D58E | 1010:D59E,not claimed,full masked byte envelope + reachable instruction layout + import-symbol sequence; masked data/far-call addresses do not prove source semantics
1.3,1010:D59E,1.6,1010:D712,0xd722,0x236b2,5851849bacd8b03e93444d8a8f34d51c23fecddc73d6b8df7f016885c3b9d418,f10412913d5c26157ca57a7466700e61f01ed4c1c5773ee405768bde3c043101,unique-masked-binary-counterpart,High,16,4,True,True,3,True,1000:27F9 | 1000:3450 | 1000:45C9 | 1000:7BAB | 1008:0F8F | 1010:D702 | 1010:D712,not claimed,full masked byte envelope + reachable instruction layout + import-symbol sequence; masked data/far-call addresses do not prove source semantics
1.3,1010:D59E,1.8,1010:D712,0xd722,0x236b2,144e96bb649c5463d440c343ad982ed8e5f143e788c9af08bbb890fcd1b3db22,f10412913d5c26157ca57a7466700e61f01ed4c1c5773ee405768bde3c043101,unique-masked-binary-counterpart,High,16,4,True,True,3,True,1000:27F9 | 1000:3450 | 1000:45C9 | 1000:7BAB | 1008:0F8F | 1010:D702 | 1010:D712,not claimed,full masked byte envelope + reachable instruction layout + import-symbol sequence; masked data/far-call addresses do not prove source semantics
1.3,1010:D59E,1.10,1010:D7C0,0xd7d0,0x23780,12fe5168783446275802e0e947898261b5eca6b88288f3a895fc1faa4c544481,d569fd2ee554db5200598c33e531f8da1228e216b908cb985246583f7c46a8a2,unique-masked-binary-counterpart,High,16,4,True,True,3,True,1000:280D | 1000:3464 | 1000:45DD | 1000:7BBF | 1008:0F8F | 1010:D7B0 | 1010:D7C0,not claimed,full masked byte envelope + reachable instruction layout + import-symbol sequence; masked data/far-call addresses do not prove source semantics
1.3,1010:D5AE,1.0,,,,6476e259a3a763e2985f22ea6655929e5b313f63ca4bcb976f98b6d50b72140c,,unresolved-modified-or-unmapped,Unknown,299,261,False,False,0,False,,not claimed,full masked byte envelope + reachable instruction layout + import-symbol sequence; masked data/far-call addresses do not prove source semantics
1.3,1010:D5AE,1.3,1010:D5AE,0xd6d9,0x2354e,926c0001944b9822cdae10b35c92c2d6cd3772bc774c4c88fb17df7465d1f156,9798bdd821030457df4789e4c443cb9f72e7b124030c59c3dbcc553e1b999b4d,unique-masked-binary-counterpart,High,299,261,True,True,4,True,1010:D5AE,not claimed,full masked byte envelope + reachable instruction layout + import-symbol sequence; masked data/far-call addresses do not prove source semantics
1.3,1010:D5AE,1.6,1010:D722,0xd84d,0x236c2,5851849bacd8b03e93444d8a8f34d51c23fecddc73d6b8df7f016885c3b9d418,dc25e9c9c0fd625d5f120af51b4d0c6e0acfc5b871736322d58fdadfb3c5cb1f,unique-masked-binary-counterpart,High,299,261,True,True,4,True,1010:D722,not claimed,full masked byte envelope + reachable instruction layout + import-symbol sequence; masked data/far-call addresses do not prove source semantics
1.3,1010:D5AE,1.8,1010:D722,0xd84d,0x236c2,144e96bb649c5463d440c343ad982ed8e5f143e788c9af08bbb890fcd1b3db22,20132af15a8c49ec7219a69002b1f43a8c173d7b591e9a85fdce125c4ae73df2,unique-masked-binary-counterpart,High,299,261,True,True,4,True,1010:D722,not claimed,full masked byte envelope + reachable instruction layout + import-symbol sequence; masked data/far-call addresses do not prove source semantics
1.3,1010:D5AE,1.10,1010:D7D0,0xd8fb,0x23790,12fe5168783446275802e0e947898261b5eca6b88288f3a895fc1faa4c544481,4629d072f738c3274e24120d2045d71f2b783891d38a59f43bdff996375e20c5,unique-masked-binary-counterpart,High,299,261,True,True,4,True,1010:D7D0,not claimed,full masked byte envelope + reachable instruction layout + import-symbol sequence; masked data/far-call addresses do not prove source semantics
1.3,1010:EF52,1.0,1010:EF06,0xef50,0x24ea6,6476e259a3a763e2985f22ea6655929e5b313f63ca4bcb976f98b6d50b72140c,79af710538e7aed24480698517c3d06c956e76b756cdc04398aaf0cb7d5db40e,unique-masked-binary-counterpart,High,74,62,False,True,3,False,1010:EF06,not claimed,full masked byte envelope + reachable instruction layout + import-symbol sequence; masked data/far-call addresses do not prove source semantics
1.3,1010:EF52,1.3,1010:EF52,0xef9c,0x24ef2,926c0001944b9822cdae10b35c92c2d6cd3772bc774c4c88fb17df7465d1f156,fb54e3f7890debb5352365e9a92c4cfc6d304472300f11d7abf976513180c577,unique-masked-binary-counterpart,High,74,62,True,True,3,True,1010:EF52,not claimed,full masked byte envelope + reachable instruction layout + import-symbol sequence; masked data/far-call addresses do not prove source semantics
1.3,1010:EF52,1.6,1018:01F8,0x242,0x25458,5851849bacd8b03e93444d8a8f34d51c23fecddc73d6b8df7f016885c3b9d418,a382fa4b45511a4d2f6c689684c6dde123b0cb28a11bbc467860ead7d3713c60,unique-masked-binary-counterpart,High,74,62,False,True,1,True,1018:01F8,not claimed,full masked byte envelope + reachable instruction layout + import-symbol sequence; masked data/far-call addresses do not prove source semantics
1.3,1010:EF52,1.8,1018:02C2,0x30c,0x254c2,144e96bb649c5463d440c343ad982ed8e5f143e788c9af08bbb890fcd1b3db22,1790516b4324f3a5d6cc47202a8d5ae777509acae9846bcc1f24aa0531587f55,unique-masked-binary-counterpart,High,74,62,False,True,1,True,1018:02C2,not claimed,full masked byte envelope + reachable instruction layout + import-symbol sequence; masked data/far-call addresses do not prove source semantics
1.3,1010:EF52,1.10,1018:032A,0x374,0x2558a,12fe5168783446275802e0e947898261b5eca6b88288f3a895fc1faa4c544481,4a1c8bb5dba170d802af0697b37e55ef747e15ca85c1b62743d173363826214f,unique-masked-binary-counterpart,High,74,62,False,True,1,True,1018:032A,not claimed,full masked byte envelope + reachable instruction layout + import-symbol sequence; masked data/far-call addresses do not prove source semantics
1.3,1018:35A4,1.0,,,,6476e259a3a763e2985f22ea6655929e5b313f63ca4bcb976f98b6d50b72140c,,unresolved-modified-or-unmapped,Unknown,19,17,False,False,0,False,,not claimed,full masked byte envelope + reachable instruction layout + import-symbol sequence; masked data/far-call addresses do not prove source semantics
1.3,1018:35A4,1.3,1018:35A4,0x35b7,0x287c4,926c0001944b9822cdae10b35c92c2d6cd3772bc774c4c88fb17df7465d1f156,5e3de64337ed5c892b304b629943a4d29ebe93fef8579dbc50878896a14ef510,unique-masked-binary-counterpart,High,19,17,True,True,0,True,1018:35A4,not claimed,full masked byte envelope + reachable instruction layout + import-symbol sequence; masked data/far-call addresses do not prove source semantics
1.3,1018:35A4,1.6,1018:386A,0x387d,0x28aca,5851849bacd8b03e93444d8a8f34d51c23fecddc73d6b8df7f016885c3b9d418,5e3de64337ed5c892b304b629943a4d29ebe93fef8579dbc50878896a14ef510,unique-masked-binary-counterpart,High,19,17,False,True,0,False,1018:386A,not claimed,full masked byte envelope + reachable instruction layout + import-symbol sequence; masked data/far-call addresses do not prove source semantics
1.3,1018:35A4,1.8,1018:3934,0x3947,0x28b34,144e96bb649c5463d440c343ad982ed8e5f143e788c9af08bbb890fcd1b3db22,5e3de64337ed5c892b304b629943a4d29ebe93fef8579dbc50878896a14ef510,unique-masked-binary-counterpart,High,19,17,False,True,0,False,1018:3934,not claimed,full masked byte envelope + reachable instruction layout + import-symbol sequence; masked data/far-call addresses do not prove source semantics
1.3,1018:35A4,1.10,1018:392C,0x393f,0x28b8c,12fe5168783446275802e0e947898261b5eca6b88288f3a895fc1faa4c544481,5e3de64337ed5c892b304b629943a4d29ebe93fef8579dbc50878896a14ef510,unique-masked-binary-counterpart,High,19,17,False,True,0,False,1018:392C,not claimed,full masked byte envelope + reachable instruction layout + import-symbol sequence; masked data/far-call addresses do not prove source semantics
1.6,1008:6486,1.0,1008:6486,0x64c2,0x14d06,6476e259a3a763e2985f22ea6655929e5b313f63ca4bcb976f98b6d50b72140c,182ef789e9d93f4de6d05ab02afe10505604c46d6058ece3834403d0ffc6fc4a,unique-masked-binary-counterpart,High,60,52,True,False,1,False,1008:6486,not claimed,full masked byte envelope + reachable instruction layout + import-symbol sequence; masked data/far-call addresses do not prove source semantics
1.6,1008:6486,1.3,1008:6486,0x64c2,0x14d06,926c0001944b9822cdae10b35c92c2d6cd3772bc774c4c88fb17df7465d1f156,182ef789e9d93f4de6d05ab02afe10505604c46d6058ece3834403d0ffc6fc4a,unique-masked-binary-counterpart,High,60,52,True,False,1,False,1008:6486,not claimed,full masked byte envelope + reachable instruction layout + import-symbol sequence; masked data/far-call addresses do not prove source semantics
1.6,1008:6486,1.6,1008:6486,0x64c2,0x14d06,5851849bacd8b03e93444d8a8f34d51c23fecddc73d6b8df7f016885c3b9d418,182ef789e9d93f4de6d05ab02afe10505604c46d6058ece3834403d0ffc6fc4a,unique-masked-binary-counterpart,High,60,52,True,True,1,True,1008:6486,not claimed,full masked byte envelope + reachable instruction layout + import-symbol sequence; masked data/far-call addresses do not prove source semantics
1.6,1008:6486,1.8,1008:6486,0x64c2,0x14d06,144e96bb649c5463d440c343ad982ed8e5f143e788c9af08bbb890fcd1b3db22,182ef789e9d93f4de6d05ab02afe10505604c46d6058ece3834403d0ffc6fc4a,unique-masked-binary-counterpart,High,60,52,True,True,1,True,1008:6486,not claimed,full masked byte envelope + reachable instruction layout + import-symbol sequence; masked data/far-call addresses do not prove source semantics
1.6,1008:6486,1.10,1008:6486,0x64c2,0x14d26,12fe5168783446275802e0e947898261b5eca6b88288f3a895fc1faa4c544481,182ef789e9d93f4de6d05ab02afe10505604c46d6058ece3834403d0ffc6fc4a,unique-masked-binary-counterpart,High,60,52,True,True,1,True,1008:6486,not claimed,full masked byte envelope + reachable instruction layout + import-symbol sequence; masked data/far-call addresses do not prove source semantics
1.6,1010:183E,1.0,,,,6476e259a3a763e2985f22ea6655929e5b313f63ca4bcb976f98b6d50b72140c,,unresolved-modified-or-unmapped,Unknown,408,380,False,False,0,False,,not claimed,full masked byte envelope + reachable instruction layout + import-symbol sequence; masked data/far-call addresses do not prove source semantics
1.6,1010:183E,1.3,1010:184A,0x19e2,0x177ea,926c0001944b9822cdae10b35c92c2d6cd3772bc774c4c88fb17df7465d1f156,c729172c3f6e19112e107586a5baf7184c54411dffe582005d2b12fc20d6e2a4,unique-masked-binary-counterpart,High,408,380,True,True,4,True,1010:184A,not claimed,full masked byte envelope + reachable instruction layout + import-symbol sequence; masked data/far-call addresses do not prove source semantics
1.6,1010:183E,1.6,1010:183E,0x19d6,0x177de,5851849bacd8b03e93444d8a8f34d51c23fecddc73d6b8df7f016885c3b9d418,c843c18dee94b6d44d455ba7843d4064980a73e1d8cb35cbb19b6668310afbde,unique-masked-binary-counterpart,High,408,380,True,True,4,True,1010:183E,not claimed,full masked byte envelope + reachable instruction layout + import-symbol sequence; masked data/far-call addresses do not prove source semantics
1.6,1010:183E,1.8,1010:183E,0x19d6,0x177de,144e96bb649c5463d440c343ad982ed8e5f143e788c9af08bbb890fcd1b3db22,acd91a20f97daeaf9ecb4097730e5c0d2b69ce1bdba3bca02881a26eebb02209,unique-masked-binary-counterpart,High,408,380,True,True,4,True,1010:183E,not claimed,full masked byte envelope + reachable instruction layout + import-symbol sequence; masked data/far-call addresses do not prove source semantics
1.6,1010:183E,1.10,1010:188A,0x1a22,0x1784a,12fe5168783446275802e0e947898261b5eca6b88288f3a895fc1faa4c544481,347510b0d6e83506d94dff418dfd0607665cd510431cfc003a8467501ceb1a72,unique-masked-binary-counterpart,High,408,380,True,True,4,True,1010:188A,not claimed,full masked byte envelope + reachable instruction layout + import-symbol sequence; masked data/far-call addresses do not prove source semantics
1.6,1010:2B9A,1.0,,,,6476e259a3a763e2985f22ea6655929e5b313f63ca4bcb976f98b6d50b72140c,,unresolved-modified-or-unmapped,Unknown,28,18,False,False,0,False,,not claimed,full masked byte envelope + reachable instruction layout + import-symbol sequence; masked data/far-call addresses do not prove source semantics
1.6,1010:2B9A,1.3,1010:2BA6,0x2bc2,0x18b46,926c0001944b9822cdae10b35c92c2d6cd3772bc774c4c88fb17df7465d1f156,f34d05400b57d370c39c4066299368cf6ade1c218e4bab58753fc5cf58f395f8,unique-masked-binary-counterpart,High,28,18,True,True,1,True,1010:2BA6,not claimed,full masked byte envelope + reachable instruction layout + import-symbol sequence; masked data/far-call addresses do not prove source semantics
1.6,1010:2B9A,1.6,1010:2B9A,0x2bb6,0x18b3a,5851849bacd8b03e93444d8a8f34d51c23fecddc73d6b8df7f016885c3b9d418,5a91c3d6e2a7901092c053b5cc9d84e54510e48170e4d3a6d5ee48a3f5a0a486,unique-masked-binary-counterpart,High,28,18,True,True,1,True,1010:2B9A,not claimed,full masked byte envelope + reachable instruction layout + import-symbol sequence; masked data/far-call addresses do not prove source semantics
1.6,1010:2B9A,1.8,1010:2B9A,0x2bb6,0x18b3a,144e96bb649c5463d440c343ad982ed8e5f143e788c9af08bbb890fcd1b3db22,be17aaf303d9b486d4eebd8f7bff995a57ccad793f09597fb0a2ada01f3c3f4d,unique-masked-binary-counterpart,High,28,18,True,True,1,True,1010:2B9A,not claimed,full masked byte envelope + reachable instruction layout + import-symbol sequence; masked data/far-call addresses do not prove source semantics
1.6,1010:2B9A,1.10,1010:2BE6,0x2c02,0x18ba6,12fe5168783446275802e0e947898261b5eca6b88288f3a895fc1faa4c544481,399827fe0b83d155bb1625945413cc744def5bac709cafc2194d79f1610e5a1d,unique-masked-binary-counterpart,High,28,18,True,True,1,True,1010:2BE6,not claimed,full masked byte envelope + reachable instruction layout + import-symbol sequence; masked data/far-call addresses do not prove source semantics
1.6,1010:5AF2,1.0,,,,6476e259a3a763e2985f22ea6655929e5b313f63ca4bcb976f98b6d50b72140c,,unresolved-modified-or-unmapped,Unknown,357,315,False,False,0,False,,not claimed,full masked byte envelope + reachable instruction layout + import-symbol sequence; masked data/far-call addresses do not prove source semantics
1.6,1010:5AF2,1.3,,,,926c0001944b9822cdae10b35c92c2d6cd3772bc774c4c88fb17df7465d1f156,,unresolved-modified-or-unmapped,Unknown,357,315,False,False,0,False,,not claimed,full masked byte envelope + reachable instruction layout + import-symbol sequence; masked data/far-call addresses do not prove source semantics
1.6,1010:5AF2,1.6,1010:5AF2,0x5c57,0x1ba92,5851849bacd8b03e93444d8a8f34d51c23fecddc73d6b8df7f016885c3b9d418,f2f09b5047be66697768bddc89d95525786c1e4be5cecd85235daf20f9a74ddd,unique-masked-binary-counterpart,High,357,315,True,True,9,True,1010:5AF2,not claimed,full masked byte envelope + reachable instruction layout + import-symbol sequence; masked data/far-call addresses do not prove source semantics
1.6,1010:5AF2,1.8,1010:5AF2,0x5c57,0x1ba92,144e96bb649c5463d440c343ad982ed8e5f143e788c9af08bbb890fcd1b3db22,ef2a471aa5061fd51275bfe354f41c3f4d4a0fd67068bf2d2065326b5e2b1736,unique-masked-binary-counterpart,High,357,315,True,True,9,True,1010:5AF2,not claimed,full masked byte envelope + reachable instruction layout + import-symbol sequence; masked data/far-call addresses do not prove source semantics
1.6,1010:5AF2,1.10,1010:5B96,0x5cfb,0x1bb56,12fe5168783446275802e0e947898261b5eca6b88288f3a895fc1faa4c544481,a0e646db1582fa0c7c4dbf1f0c3e9f571dc85d22417ae31703e020ae982f8169,unique-masked-binary-counterpart,High,357,315,True,True,9,True,1010:5B96,not claimed,full masked byte envelope + reachable instruction layout + import-symbol sequence; masked data/far-call addresses do not prove source semantics
1.6,1010:A018,1.0,,,,6476e259a3a763e2985f22ea6655929e5b313f63ca4bcb976f98b6d50b72140c,,unresolved-modified-or-unmapped,Unknown,39,39,False,False,0,False,,not claimed,full masked byte envelope + reachable instruction layout + import-symbol sequence; masked data/far-call addresses do not prove source semantics
1.6,1010:A018,1.3,1010:9EA4,0x9ecb,0x1fe44,926c0001944b9822cdae10b35c92c2d6cd3772bc774c4c88fb17df7465d1f156,cd6e8693a9f7555d1de18ca9e98862d70fc27da50802b74892f8f9663a24a73b,unique-masked-binary-counterpart,High,39,39,True,True,0,True,1010:9EA4,not claimed,full masked byte envelope + reachable instruction layout + import-symbol sequence; masked data/far-call addresses do not prove source semantics
1.6,1010:A018,1.6,1010:A018,0xa03f,0x1ffb8,5851849bacd8b03e93444d8a8f34d51c23fecddc73d6b8df7f016885c3b9d418,cd6e8693a9f7555d1de18ca9e98862d70fc27da50802b74892f8f9663a24a73b,unique-masked-binary-counterpart,High,39,39,True,True,0,True,1010:A018,not claimed,full masked byte envelope + reachable instruction layout + import-symbol sequence; masked data/far-call addresses do not prove source semantics
1.6,1010:A018,1.8,1010:A018,0xa03f,0x1ffb8,144e96bb649c5463d440c343ad982ed8e5f143e788c9af08bbb890fcd1b3db22,cd6e8693a9f7555d1de18ca9e98862d70fc27da50802b74892f8f9663a24a73b,unique-masked-binary-counterpart,High,39,39,True,True,0,True,1010:A018,not claimed,full masked byte envelope + reachable instruction layout + import-symbol sequence; masked data/far-call addresses do not prove source semantics
1.6,1010:A018,1.10,1010:A0C6,0xa0ed,0x20086,12fe5168783446275802e0e947898261b5eca6b88288f3a895fc1faa4c544481,cd6e8693a9f7555d1de18ca9e98862d70fc27da50802b74892f8f9663a24a73b,unique-masked-binary-counterpart,High,39,39,True,True,0,True,1010:A0C6,not claimed,full masked byte envelope + reachable instruction layout + import-symbol sequence; masked data/far-call addresses do not prove source semantics
1.6,1010:ADA8,1.0,,,,6476e259a3a763e2985f22ea6655929e5b313f63ca4bcb976f98b6d50b72140c,,unresolved-modified-or-unmapped,Unknown,442,396,False,False,0,False,,not claimed,full masked byte envelope + reachable instruction layout + import-symbol sequence; masked data/far-call addresses do not prove source semantics
1.6,1010:ADA8,1.3,,,,926c0001944b9822cdae10b35c92c2d6cd3772bc774c4c88fb17df7465d1f156,,unresolved-modified-or-unmapped,Unknown,442,396,False,False,0,False,,not claimed,full masked byte envelope + reachable instruction layout + import-symbol sequence; masked data/far-call addresses do not prove source semantics
1.6,1010:ADA8,1.6,1010:ADA8,0xaf62,0x20d48,5851849bacd8b03e93444d8a8f34d51c23fecddc73d6b8df7f016885c3b9d418,8561e7948edd5720fcc5939f13517814c62842cc7606010a64a3991898d01fe5,unique-masked-binary-counterpart,High,442,396,True,True,6,True,1010:ADA8,not claimed,full masked byte envelope + reachable instruction layout + import-symbol sequence; masked data/far-call addresses do not prove source semantics
1.6,1010:ADA8,1.8,,,,144e96bb649c5463d440c343ad982ed8e5f143e788c9af08bbb890fcd1b3db22,,unresolved-modified-or-unmapped,Unknown,442,396,False,False,0,False,,not claimed,full masked byte envelope + reachable instruction layout + import-symbol sequence; masked data/far-call addresses do not prove source semantics
1.6,1010:ADA8,1.10,,,,12fe5168783446275802e0e947898261b5eca6b88288f3a895fc1faa4c544481,,unresolved-modified-or-unmapped,Unknown,442,396,False,False,0,False,,not claimed,full masked byte envelope + reachable instruction layout + import-symbol sequence; masked data/far-call addresses do not prove source semantics
1.6,1010:D6DE,1.0,1010:D55E,0xd592,0x234fe,6476e259a3a763e2985f22ea6655929e5b313f63ca4bcb976f98b6d50b72140c,785af37f66f70a78962eef5e8e2590eda89d8d9f0fb60a78dd5a8e93457c52d1,unique-masked-binary-counterpart,High,52,20,False,True,6,False,1010:D55E,not claimed,full masked byte envelope + reachable instruction layout + import-symbol sequence; masked data/far-call addresses do not prove source semantics
1.6,1010:D6DE,1.3,1010:D56A,0xd59e,0x2350a,926c0001944b9822cdae10b35c92c2d6cd3772bc774c4c88fb17df7465d1f156,bb5ec2bf5ebd346b97f6e03d1d4beca89e4c5ffe93da0e6e296615e61e25b8ef,unique-masked-binary-counterpart,High,52,20,True,True,6,True,1010:D56A,not claimed,full masked byte envelope + reachable instruction layout + import-symbol sequence; masked data/far-call addresses do not prove source semantics
1.6,1010:D6DE,1.6,1010:D6DE,0xd712,0x2367e,5851849bacd8b03e93444d8a8f34d51c23fecddc73d6b8df7f016885c3b9d418,3fec4db90d689832683d8dfea7a06c78b4773f464a6c382c522eb7b0cc5ba7c6,unique-masked-binary-counterpart,High,52,20,True,True,6,True,1010:D6DE,not claimed,full masked byte envelope + reachable instruction layout + import-symbol sequence; masked data/far-call addresses do not prove source semantics
1.6,1010:D6DE,1.8,1010:D6DE,0xd712,0x2367e,144e96bb649c5463d440c343ad982ed8e5f143e788c9af08bbb890fcd1b3db22,5ff7d286e2e571211cdb03068f2e14283871e20ce02cb4a815a18e42d53f4889,unique-masked-binary-counterpart,High,52,20,True,True,6,True,1010:D6DE,not claimed,full masked byte envelope + reachable instruction layout + import-symbol sequence; masked data/far-call addresses do not prove source semantics
1.6,1010:D6DE,1.10,1010:D78C,0xd7c0,0x2374c,12fe5168783446275802e0e947898261b5eca6b88288f3a895fc1faa4c544481,15bf2d95cd644ce2e1204615ed7e03aaaae1ec7b2ea7e77e273035ab0c296310,unique-masked-binary-counterpart,High,52,20,True,True,6,True,1010:D78C,not claimed,full masked byte envelope + reachable instruction layout + import-symbol sequence; masked data/far-call addresses do not prove source semantics
1.6,1010:D712,1.0,1010:D592,0xd5a2,0x23532,6476e259a3a763e2985f22ea6655929e5b313f63ca4bcb976f98b6d50b72140c,03496ca3dcdfd1fc1f92f44e4e2c9fcdb1f216f8aea9725a3b50008606def915,unique-masked-binary-counterpart,High,16,4,False,True,2,False,1000:27F9 | 1000:3450 | 1000:45C9 | 1000:7BAB | 1008:0F8F | 1010:D582 | 1010:D592,not claimed,full masked byte envelope + reachable instruction layout + import-symbol sequence; masked data/far-call addresses do not prove source semantics
1.6,1010:D712,1.3,1010:D59E,0xd5ae,0x2353e,926c0001944b9822cdae10b35c92c2d6cd3772bc774c4c88fb17df7465d1f156,ee477a6582897e763054323ed6988cccd33dac41d0736734dee49257b298f8e3,unique-masked-binary-counterpart,High,16,4,True,True,3,True,1000:27F9 | 1000:3450 | 1000:45C9 | 1000:7BAB | 1008:0F8F | 1010:D58E | 1010:D59E,not claimed,full masked byte envelope + reachable instruction layout + import-symbol sequence; masked data/far-call addresses do not prove source semantics
1.6,1010:D712,1.6,1010:D712,0xd722,0x236b2,5851849bacd8b03e93444d8a8f34d51c23fecddc73d6b8df7f016885c3b9d418,f10412913d5c26157ca57a7466700e61f01ed4c1c5773ee405768bde3c043101,unique-masked-binary-counterpart,High,16,4,True,True,3,True,1000:27F9 | 1000:3450 | 1000:45C9 | 1000:7BAB | 1008:0F8F | 1010:D702 | 1010:D712,not claimed,full masked byte envelope + reachable instruction layout + import-symbol sequence; masked data/far-call addresses do not prove source semantics
1.6,1010:D712,1.8,1010:D712,0xd722,0x236b2,144e96bb649c5463d440c343ad982ed8e5f143e788c9af08bbb890fcd1b3db22,f10412913d5c26157ca57a7466700e61f01ed4c1c5773ee405768bde3c043101,unique-masked-binary-counterpart,High,16,4,True,True,3,True,1000:27F9 | 1000:3450 | 1000:45C9 | 1000:7BAB | 1008:0F8F | 1010:D702 | 1010:D712,not claimed,full masked byte envelope + reachable instruction layout + import-symbol sequence; masked data/far-call addresses do not prove source semantics
1.6,1010:D712,1.10,1010:D7C0,0xd7d0,0x23780,12fe5168783446275802e0e947898261b5eca6b88288f3a895fc1faa4c544481,d569fd2ee554db5200598c33e531f8da1228e216b908cb985246583f7c46a8a2,unique-masked-binary-counterpart,High,16,4,True,True,3,True,1000:280D | 1000:3464 | 1000:45DD | 1000:7BBF | 1008:0F8F | 1010:D7B0 | 1010:D7C0,not claimed,full masked byte envelope + reachable instruction layout + import-symbol sequence; masked data/far-call addresses do not prove source semantics
1.6,1010:D722,1.0,,,,6476e259a3a763e2985f22ea6655929e5b313f63ca4bcb976f98b6d50b72140c,,unresolved-modified-or-unmapped,Unknown,299,261,False,False,0,False,,not claimed,full masked byte envelope + reachable instruction layout + import-symbol sequence; masked data/far-call addresses do not prove source semantics
1.6,1010:D722,1.3,1010:D5AE,0xd6d9,0x2354e,926c0001944b9822cdae10b35c92c2d6cd3772bc774c4c88fb17df7465d1f156,9798bdd821030457df4789e4c443cb9f72e7b124030c59c3dbcc553e1b999b4d,unique-masked-binary-counterpart,High,299,261,True,True,4,True,1010:D5AE,not claimed,full masked byte envelope + reachable instruction layout + import-symbol sequence; masked data/far-call addresses do not prove source semantics
1.6,1010:D722,1.6,1010:D722,0xd84d,0x236c2,5851849bacd8b03e93444d8a8f34d51c23fecddc73d6b8df7f016885c3b9d418,dc25e9c9c0fd625d5f120af51b4d0c6e0acfc5b871736322d58fdadfb3c5cb1f,unique-masked-binary-counterpart,High,299,261,True,True,4,True,1010:D722,not claimed,full masked byte envelope + reachable instruction layout + import-symbol sequence; masked data/far-call addresses do not prove source semantics
1.6,1010:D722,1.8,1010:D722,0xd84d,0x236c2,144e96bb649c5463d440c343ad982ed8e5f143e788c9af08bbb890fcd1b3db22,20132af15a8c49ec7219a69002b1f43a8c173d7b591e9a85fdce125c4ae73df2,unique-masked-binary-counterpart,High,299,261,True,True,4,True,1010:D722,not claimed,full masked byte envelope + reachable instruction layout + import-symbol sequence; masked data/far-call addresses do not prove source semantics
1.6,1010:D722,1.10,1010:D7D0,0xd8fb,0x23790,12fe5168783446275802e0e947898261b5eca6b88288f3a895fc1faa4c544481,4629d072f738c3274e24120d2045d71f2b783891d38a59f43bdff996375e20c5,unique-masked-binary-counterpart,High,299,261,True,True,4,True,1010:D7D0,not claimed,full masked byte envelope + reachable instruction layout + import-symbol sequence; masked data/far-call addresses do not prove source semantics
1.6,1010:E016,1.0,,,,6476e259a3a763e2985f22ea6655929e5b313f63ca4bcb976f98b6d50b72140c,,unresolved-modified-or-unmapped,Unknown,472,290,False,False,0,False,,not claimed,full masked byte envelope + reachable instruction layout + import-symbol sequence; masked data/far-call addresses do not prove source semantics
1.6,1010:E016,1.3,,,,926c0001944b9822cdae10b35c92c2d6cd3772bc774c4c88fb17df7465d1f156,,unresolved-modified-or-unmapped,Unknown,472,290,False,False,0,False,,not claimed,full masked byte envelope + reachable instruction layout + import-symbol sequence; masked data/far-call addresses do not prove source semantics
1.6,1010:E016,1.6,1010:E016,0xe1ee,0x23fb6,5851849bacd8b03e93444d8a8f34d51c23fecddc73d6b8df7f016885c3b9d418,ecbc1817806c8959e34f5b3dda60764f9860e01877032720aa8e702b8f382231,unique-masked-binary-counterpart,High,472,290,True,True,13,True,1010:E016,not claimed,full masked byte envelope + reachable instruction layout + import-symbol sequence; masked data/far-call addresses do not prove source semantics
1.6,1010:E016,1.8,,,,144e96bb649c5463d440c343ad982ed8e5f143e788c9af08bbb890fcd1b3db22,,unresolved-modified-or-unmapped,Unknown,472,290,False,False,0,False,,not claimed,full masked byte envelope + reachable instruction layout + import-symbol sequence; masked data/far-call addresses do not prove source semantics
1.6,1010:E016,1.10,,,,12fe5168783446275802e0e947898261b5eca6b88288f3a895fc1faa4c544481,,unresolved-modified-or-unmapped,Unknown,472,290,False,False,0,False,,not claimed,full masked byte envelope + reachable instruction layout + import-symbol sequence; masked data/far-call addresses do not prove source semantics
1.6,1018:0000,1.0,1010:ED0E,0xed65,0x24cae,6476e259a3a763e2985f22ea6655929e5b313f63ca4bcb976f98b6d50b72140c,f2deb43f7f0974aff12733d85bf275de43c3753364a8f18c90d78ff77e07cf18,unique-masked-binary-counterpart,High,87,71,False,True,4,False,1010:ED0E,not claimed,full masked byte envelope + reachable instruction layout + import-symbol sequence; masked data/far-call addresses do not prove source semantics
1.6,1018:0000,1.3,1010:ED5A,0xedb1,0x24cfa,926c0001944b9822cdae10b35c92c2d6cd3772bc774c4c88fb17df7465d1f156,fa7d4bc4a0efaaf4ece9f4200c0f319b7a14e0459123acbbb73a03c290d4cec2,unique-masked-binary-counterpart,High,87,71,False,True,4,False,1010:ED5A,not claimed,full masked byte envelope + reachable instruction layout + import-symbol sequence; masked data/far-call addresses do not prove source semantics
1.6,1018:0000,1.6,1018:0000,0x57,0x25260,5851849bacd8b03e93444d8a8f34d51c23fecddc73d6b8df7f016885c3b9d418,ed346bb617009a1341b6143d3f445feef2a44df3c20885e66a4c055e7870e532,unique-masked-binary-counterpart,High,87,71,False,True,4,True,1018:0000,not claimed,full masked byte envelope + reachable instruction layout + import-symbol sequence; masked data/far-call addresses do not prove source semantics
1.6,1018:0000,1.8,1018:00CA,0x121,0x252ca,144e96bb649c5463d440c343ad982ed8e5f143e788c9af08bbb890fcd1b3db22,11bbc98f5541a2f7dffb22e42540468665d296179fafa7769b917c2c2915e574,unique-masked-binary-counterpart,High,87,71,False,True,1,True,1018:00CA,not claimed,full masked byte envelope + reachable instruction layout + import-symbol sequence; masked data/far-call addresses do not prove source semantics
1.6,1018:0000,1.10,1018:0132,0x189,0x25392,12fe5168783446275802e0e947898261b5eca6b88288f3a895fc1faa4c544481,b0cdb476c93c37b1379c1cc96dd35d54aed1eafb3e84b5aefb36196d8d05dc64,unique-masked-binary-counterpart,High,87,71,False,True,1,True,1018:0132,not claimed,full masked byte envelope + reachable instruction layout + import-symbol sequence; masked data/far-call addresses do not prove source semantics
1.6,1018:013A,1.0,1010:EE48,0xeed2,0x24de8,6476e259a3a763e2985f22ea6655929e5b313f63ca4bcb976f98b6d50b72140c,f6330059600bb21024e940e048131c4bf494a72c66733d1b7f694d18f3746e7c,unique-masked-binary-counterpart,High,138,112,False,True,4,False,1010:EE48,not claimed,full masked byte envelope + reachable instruction layout + import-symbol sequence; masked data/far-call addresses do not prove source semantics
1.6,1018:013A,1.3,1010:EE94,0xef1e,0x24e34,926c0001944b9822cdae10b35c92c2d6cd3772bc774c4c88fb17df7465d1f156,bc3a556dd14eef646127cbf49230c8fd6769ed9fdb6741dec174b65fde70c4ac,unique-masked-binary-counterpart,High,138,112,False,True,4,False,1010:EE94,not claimed,full masked byte envelope + reachable instruction layout + import-symbol sequence; masked data/far-call addresses do not prove source semantics
1.6,1018:013A,1.6,1018:013A,0x1c4,0x2539a,5851849bacd8b03e93444d8a8f34d51c23fecddc73d6b8df7f016885c3b9d418,71a3149d421e5804ddda0b2b1c49efb908c85589a55b1273a144bf9d64f6cc02,unique-masked-binary-counterpart,High,138,112,False,True,4,True,1018:013A,not claimed,full masked byte envelope + reachable instruction layout + import-symbol sequence; masked data/far-call addresses do not prove source semantics
1.6,1018:013A,1.8,1018:0204,0x28e,0x25404,144e96bb649c5463d440c343ad982ed8e5f143e788c9af08bbb890fcd1b3db22,263bef6772e29051d8b14f333e687e3be6a35ea5cc1c76387b5de2974028004c,unique-masked-binary-counterpart,High,138,112,False,True,4,True,1018:0204,not claimed,full masked byte envelope + reachable instruction layout + import-symbol sequence; masked data/far-call addresses do not prove source semantics
1.6,1018:013A,1.10,1018:026C,0x2f6,0x254cc,12fe5168783446275802e0e947898261b5eca6b88288f3a895fc1faa4c544481,486a1b2507a77cec40b60b1b4a9a4458d9469bb2bfe9ede11515d10e3b440c77,unique-masked-binary-counterpart,High,138,112,False,True,4,True,1018:026C,not claimed,full masked byte envelope + reachable instruction layout + import-symbol sequence; masked data/far-call addresses do not prove source semantics
1.6,1018:01C4,1.0,1010:EED2,0xef06,0x24e72,6476e259a3a763e2985f22ea6655929e5b313f63ca4bcb976f98b6d50b72140c,85406baeb828000481694ff6bb9285eca80f439d8f6ac972898725c33ba00ade,unique-masked-binary-counterpart,High,52,42,False,True,0,False,1010:EED2,not claimed,full masked byte envelope + reachable instruction layout + import-symbol sequence; masked data/far-call addresses do not prove source semantics
1.6,1018:01C4,1.3,1010:EF1E,0xef52,0x24ebe,926c0001944b9822cdae10b35c92c2d6cd3772bc774c4c88fb17df7465d1f156,9e1b5699be52a84d865e5295bd0afadadbedcfb2f40121fc8c4f14757380fa35,unique-masked-binary-counterpart,High,52,42,False,True,0,False,1010:EF1E,not claimed,full masked byte envelope + reachable instruction layout + import-symbol sequence; masked data/far-call addresses do not prove source semantics
1.6,1018:01C4,1.6,1018:01C4,0x1f8,0x25424,5851849bacd8b03e93444d8a8f34d51c23fecddc73d6b8df7f016885c3b9d418,2812808fa738c6fe4a5e8a86347e1f7b85d16f420714c162e64d4ea9cfd41fd5,unique-masked-binary-counterpart,High,52,42,False,True,0,True,1018:01C4,not claimed,full masked byte envelope + reachable instruction layout + import-symbol sequence; masked data/far-call addresses do not prove source semantics
1.6,1018:01C4,1.8,1018:028E,0x2c2,0x2548e,144e96bb649c5463d440c343ad982ed8e5f143e788c9af08bbb890fcd1b3db22,c5fcd5f9c883f8b5b24d09d1737369ac25e8f03c39b4eeafd2d044efe359fc86,unique-masked-binary-counterpart,High,52,42,False,True,0,True,1018:028E,not claimed,full masked byte envelope + reachable instruction layout + import-symbol sequence; masked data/far-call addresses do not prove source semantics
1.6,1018:01C4,1.10,1018:02F6,0x32a,0x25556,12fe5168783446275802e0e947898261b5eca6b88288f3a895fc1faa4c544481,a94a159d4f764a4028bd554dfd4a04dda4804c50033ea1e2fe730499248cc369,unique-masked-binary-counterpart,High,52,42,False,True,0,True,1018:02F6,not claimed,full masked byte envelope + reachable instruction layout + import-symbol sequence; masked data/far-call addresses do not prove source semantics
1.6,1018:01F8,1.0,1010:EF06,0xef50,0x24ea6,6476e259a3a763e2985f22ea6655929e5b313f63ca4bcb976f98b6d50b72140c,79af710538e7aed24480698517c3d06c956e76b756cdc04398aaf0cb7d5db40e,unique-masked-binary-counterpart,High,74,62,False,True,1,False,1010:EF06,not claimed,full masked byte envelope + reachable instruction layout + import-symbol sequence; masked data/far-call addresses do not prove source semantics
1.6,1018:01F8,1.3,1010:EF52,0xef9c,0x24ef2,926c0001944b9822cdae10b35c92c2d6cd3772bc774c4c88fb17df7465d1f156,fb54e3f7890debb5352365e9a92c4cfc6d304472300f11d7abf976513180c577,unique-masked-binary-counterpart,High,74,62,False,True,1,True,1010:EF52,not claimed,full masked byte envelope + reachable instruction layout + import-symbol sequence; masked data/far-call addresses do not prove source semantics
1.6,1018:01F8,1.6,1018:01F8,0x242,0x25458,5851849bacd8b03e93444d8a8f34d51c23fecddc73d6b8df7f016885c3b9d418,a382fa4b45511a4d2f6c689684c6dde123b0cb28a11bbc467860ead7d3713c60,unique-masked-binary-counterpart,High,74,62,False,True,1,True,1018:01F8,not claimed,full masked byte envelope + reachable instruction layout + import-symbol sequence; masked data/far-call addresses do not prove source semantics
1.6,1018:01F8,1.8,1018:02C2,0x30c,0x254c2,144e96bb649c5463d440c343ad982ed8e5f143e788c9af08bbb890fcd1b3db22,1790516b4324f3a5d6cc47202a8d5ae777509acae9846bcc1f24aa0531587f55,unique-masked-binary-counterpart,High,74,62,False,True,1,True,1018:02C2,not claimed,full masked byte envelope + reachable instruction layout + import-symbol sequence; masked data/far-call addresses do not prove source semantics
1.6,1018:01F8,1.10,1018:032A,0x374,0x2558a,12fe5168783446275802e0e947898261b5eca6b88288f3a895fc1faa4c544481,4a1c8bb5dba170d802af0697b37e55ef747e15ca85c1b62743d173363826214f,unique-masked-binary-counterpart,High,74,62,False,True,1,True,1018:032A,not claimed,full masked byte envelope + reachable instruction layout + import-symbol sequence; masked data/far-call addresses do not prove source semantics
1.6,1018:2E92,1.0,,,,6476e259a3a763e2985f22ea6655929e5b313f63ca4bcb976f98b6d50b72140c,,unresolved-modified-or-unmapped,Unknown,215,129,False,False,0,False,,not claimed,full masked byte envelope + reachable instruction layout + import-symbol sequence; masked data/far-call addresses do not prove source semantics
1.6,1018:2E92,1.3,,,,926c0001944b9822cdae10b35c92c2d6cd3772bc774c4c88fb17df7465d1f156,,unresolved-modified-or-unmapped,Unknown,215,129,False,False,0,False,,not claimed,full masked byte envelope + reachable instruction layout + import-symbol sequence; masked data/far-call addresses do not prove source semantics
1.6,1018:2E92,1.6,1018:2E92,0x2f69,0x280f2,5851849bacd8b03e93444d8a8f34d51c23fecddc73d6b8df7f016885c3b9d418,e1404112de52136066b454d626f667ef431a77251ca343ba482ee073a0c2639c,unique-masked-binary-counterpart,High,215,129,True,True,16,True,1018:2E92,not claimed,full masked byte envelope + reachable instruction layout + import-symbol sequence; masked data/far-call addresses do not prove source semantics
1.6,1018:2E92,1.8,1018:2F5C,0x3033,0x2815c,144e96bb649c5463d440c343ad982ed8e5f143e788c9af08bbb890fcd1b3db22,756e3b1a6ab4ae33ae97696f617044ba7f12e5c8ff5ec35ba227e7dee4bbe1a5,unique-masked-binary-counterpart,High,215,129,True,True,16,True,1018:2F5C,not claimed,full masked byte envelope + reachable instruction layout + import-symbol sequence; masked data/far-call addresses do not prove source semantics
1.6,1018:2E92,1.10,,,,12fe5168783446275802e0e947898261b5eca6b88288f3a895fc1faa4c544481,,unresolved-modified-or-unmapped,Unknown,215,129,False,False,0,False,,not claimed,full masked byte envelope + reachable instruction layout + import-symbol sequence; masked data/far-call addresses do not prove source semantics
1.6,1018:3260,1.0,1018:2F4C,0x2f8d,0x2818c,6476e259a3a763e2985f22ea6655929e5b313f63ca4bcb976f98b6d50b72140c,55f1e7b83047531fa6e727096c2b2543429024bd72e869d7b32c656a1cecb5cf,unique-masked-binary-counterpart,High,65,49,False,True,0,False,1018:2F4C,not claimed,full masked byte envelope + reachable instruction layout + import-symbol sequence; masked data/far-call addresses do not prove source semantics
1.6,1018:3260,1.3,1018:2FF0,0x3031,0x28210,926c0001944b9822cdae10b35c92c2d6cd3772bc774c4c88fb17df7465d1f156,72cf9cf15f5639155cf6bfe8116d168c4b2d730d9d7d29321a22f827a512ccc6,unique-masked-binary-counterpart,High,65,49,False,True,0,False,1018:2FF0,not claimed,full masked byte envelope + reachable instruction layout + import-symbol sequence; masked data/far-call addresses do not prove source semantics
1.6,1018:3260,1.6,1018:3260,0x32a1,0x284c0,5851849bacd8b03e93444d8a8f34d51c23fecddc73d6b8df7f016885c3b9d418,731098eb81737f6ca82ca62f1ba46a4edf9a877a4e175731ebf399854ca8f7ad,unique-masked-binary-counterpart,High,65,49,True,True,0,True,1018:3260,not claimed,full masked byte envelope + reachable instruction layout + import-symbol sequence; masked data/far-call addresses do not prove source semantics
1.6,1018:3260,1.8,1018:332A,0x336b,0x2852a,144e96bb649c5463d440c343ad982ed8e5f143e788c9af08bbb890fcd1b3db22,a0bfe34e9bb3b6098587a3fb3ebd071fab6814461e69743cb23ac7c9f18a69a8,unique-masked-binary-counterpart,High,65,49,True,True,0,True,1018:332A,not claimed,full masked byte envelope + reachable instruction layout + import-symbol sequence; masked data/far-call addresses do not prove source semantics
1.6,1018:3260,1.10,1018:3322,0x3363,0x28582,12fe5168783446275802e0e947898261b5eca6b88288f3a895fc1faa4c544481,0e1ed16ae24b25d79849a7be72af849784eec582921cfd21b32c1102c3f5a1b1,unique-masked-binary-counterpart,High,65,49,True,True,0,True,1018:3322,not claimed,full masked byte envelope + reachable instruction layout + import-symbol sequence; masked data/far-call addresses do not prove source semantics
1.6,1018:32A2,1.0,,,,6476e259a3a763e2985f22ea6655929e5b313f63ca4bcb976f98b6d50b72140c,,unresolved-modified-or-unmapped,Unknown,85,53,False,False,0,False,,not claimed,full masked byte envelope + reachable instruction layout + import-symbol sequence; masked data/far-call addresses do not prove source semantics
1.6,1018:32A2,1.3,,,,926c0001944b9822cdae10b35c92c2d6cd3772bc774c4c88fb17df7465d1f156,,unresolved-modified-or-unmapped,Unknown,85,53,False,False,0,False,,not claimed,full masked byte envelope + reachable instruction layout + import-symbol sequence; masked data/far-call addresses do not prove source semantics
1.6,1018:32A2,1.6,1018:32A2,0x32f7,0x28502,5851849bacd8b03e93444d8a8f34d51c23fecddc73d6b8df7f016885c3b9d418,352dba0fc3c6be6643eb5c1476850f90046de8048a0ee6acaa8db9e61a47da13,unique-masked-binary-counterpart,High,85,53,True,True,4,True,1018:32A2,not claimed,full masked byte envelope + reachable instruction layout + import-symbol sequence; masked data/far-call addresses do not prove source semantics
1.6,1018:32A2,1.8,1018:336C,0x33c1,0x2856c,144e96bb649c5463d440c343ad982ed8e5f143e788c9af08bbb890fcd1b3db22,51bc3691b4c021a61d4dfe5a3b84c96123f45cc5cfddaee6e208106c12a79568,unique-masked-binary-counterpart,High,85,53,True,True,4,True,1018:336C,not claimed,full masked byte envelope + reachable instruction layout + import-symbol sequence; masked data/far-call addresses do not prove source semantics
1.6,1018:32A2,1.10,,,,12fe5168783446275802e0e947898261b5eca6b88288f3a895fc1faa4c544481,,unresolved-modified-or-unmapped,Unknown,85,53,False,False,0,False,,not claimed,full masked byte envelope + reachable instruction layout + import-symbol sequence; masked data/far-call addresses do not prove source semantics
1.6,1018:0058,1.0,,,,6476e259a3a763e2985f22ea6655929e5b313f63ca4bcb976f98b6d50b72140c,,unresolved-modified-or-unmapped,Unknown,226,192,False,False,0,False,,not claimed,full masked byte envelope + reachable instruction layout + import-symbol sequence; masked data/far-call addresses do not prove source semantics
1.6,1018:0058,1.3,,,,926c0001944b9822cdae10b35c92c2d6cd3772bc774c4c88fb17df7465d1f156,,unresolved-modified-or-unmapped,Unknown,226,192,False,False,0,False,,not claimed,full masked byte envelope + reachable instruction layout + import-symbol sequence; masked data/far-call addresses do not prove source semantics
1.6,1018:0058,1.6,1018:0058,0x13a,0x252b8,5851849bacd8b03e93444d8a8f34d51c23fecddc73d6b8df7f016885c3b9d418,3e6abe85accfbe17c28365a1828ec2a42a0a9aae63d039722bb3a82632cc4bab,unique-masked-binary-counterpart,High,226,192,False,True,2,True,1018:0058,not claimed,full masked byte envelope + reachable instruction layout + import-symbol sequence; masked data/far-call addresses do not prove source semantics
1.6,1018:0058,1.8,,,,144e96bb649c5463d440c343ad982ed8e5f143e788c9af08bbb890fcd1b3db22,,unresolved-modified-or-unmapped,Unknown,226,192,False,False,0,False,,not claimed,full masked byte envelope + reachable instruction layout + import-symbol sequence; masked data/far-call addresses do not prove source semantics
1.6,1018:0058,1.10,,,,12fe5168783446275802e0e947898261b5eca6b88288f3a895fc1faa4c544481,,unresolved-modified-or-unmapped,Unknown,226,192,False,False,0,False,,not claimed,full masked byte envelope + reachable instruction layout + import-symbol sequence; masked data/far-call addresses do not prove source semantics
1.8,1008:6486,1.0,1008:6486,0x64c2,0x14d06,6476e259a3a763e2985f22ea6655929e5b313f63ca4bcb976f98b6d50b72140c,182ef789e9d93f4de6d05ab02afe10505604c46d6058ece3834403d0ffc6fc4a,unique-masked-binary-counterpart,High,60,52,True,False,1,False,1008:6486,not claimed,full masked byte envelope + reachable instruction layout + import-symbol sequence; masked data/far-call addresses do not prove source semantics
1.8,1008:6486,1.3,1008:6486,0x64c2,0x14d06,926c0001944b9822cdae10b35c92c2d6cd3772bc774c4c88fb17df7465d1f156,182ef789e9d93f4de6d05ab02afe10505604c46d6058ece3834403d0ffc6fc4a,unique-masked-binary-counterpart,High,60,52,True,False,1,False,1008:6486,not claimed,full masked byte envelope + reachable instruction layout + import-symbol sequence; masked data/far-call addresses do not prove source semantics
1.8,1008:6486,1.6,1008:6486,0x64c2,0x14d06,5851849bacd8b03e93444d8a8f34d51c23fecddc73d6b8df7f016885c3b9d418,182ef789e9d93f4de6d05ab02afe10505604c46d6058ece3834403d0ffc6fc4a,unique-masked-binary-counterpart,High,60,52,True,True,1,True,1008:6486,not claimed,full masked byte envelope + reachable instruction layout + import-symbol sequence; masked data/far-call addresses do not prove source semantics
1.8,1008:6486,1.8,1008:6486,0x64c2,0x14d06,144e96bb649c5463d440c343ad982ed8e5f143e788c9af08bbb890fcd1b3db22,182ef789e9d93f4de6d05ab02afe10505604c46d6058ece3834403d0ffc6fc4a,unique-masked-binary-counterpart,High,60,52,True,True,1,True,1008:6486,not claimed,full masked byte envelope + reachable instruction layout + import-symbol sequence; masked data/far-call addresses do not prove source semantics
1.8,1008:6486,1.10,1008:6486,0x64c2,0x14d26,12fe5168783446275802e0e947898261b5eca6b88288f3a895fc1faa4c544481,182ef789e9d93f4de6d05ab02afe10505604c46d6058ece3834403d0ffc6fc4a,unique-masked-binary-counterpart,High,60,52,True,True,1,True,1008:6486,not claimed,full masked byte envelope + reachable instruction layout + import-symbol sequence; masked data/far-call addresses do not prove source semantics
1.8,1010:183E,1.0,,,,6476e259a3a763e2985f22ea6655929e5b313f63ca4bcb976f98b6d50b72140c,,unresolved-modified-or-unmapped,Unknown,408,380,False,False,0,False,,not claimed,full masked byte envelope + reachable instruction layout + import-symbol sequence; masked data/far-call addresses do not prove source semantics
1.8,1010:183E,1.3,1010:184A,0x19e2,0x177ea,926c0001944b9822cdae10b35c92c2d6cd3772bc774c4c88fb17df7465d1f156,c729172c3f6e19112e107586a5baf7184c54411dffe582005d2b12fc20d6e2a4,unique-masked-binary-counterpart,High,408,380,True,True,4,True,1010:184A,not claimed,full masked byte envelope + reachable instruction layout + import-symbol sequence; masked data/far-call addresses do not prove source semantics
1.8,1010:183E,1.6,1010:183E,0x19d6,0x177de,5851849bacd8b03e93444d8a8f34d51c23fecddc73d6b8df7f016885c3b9d418,c843c18dee94b6d44d455ba7843d4064980a73e1d8cb35cbb19b6668310afbde,unique-masked-binary-counterpart,High,408,380,True,True,4,True,1010:183E,not claimed,full masked byte envelope + reachable instruction layout + import-symbol sequence; masked data/far-call addresses do not prove source semantics
1.8,1010:183E,1.8,1010:183E,0x19d6,0x177de,144e96bb649c5463d440c343ad982ed8e5f143e788c9af08bbb890fcd1b3db22,acd91a20f97daeaf9ecb4097730e5c0d2b69ce1bdba3bca02881a26eebb02209,unique-masked-binary-counterpart,High,408,380,True,True,4,True,1010:183E,not claimed,full masked byte envelope + reachable instruction layout + import-symbol sequence; masked data/far-call addresses do not prove source semantics
1.8,1010:183E,1.10,1010:188A,0x1a22,0x1784a,12fe5168783446275802e0e947898261b5eca6b88288f3a895fc1faa4c544481,347510b0d6e83506d94dff418dfd0607665cd510431cfc003a8467501ceb1a72,unique-masked-binary-counterpart,High,408,380,True,True,4,True,1010:188A,not claimed,full masked byte envelope + reachable instruction layout + import-symbol sequence; masked data/far-call addresses do not prove source semantics
1.8,1010:2B9A,1.0,,,,6476e259a3a763e2985f22ea6655929e5b313f63ca4bcb976f98b6d50b72140c,,unresolved-modified-or-unmapped,Unknown,28,18,False,False,0,False,,not claimed,full masked byte envelope + reachable instruction layout + import-symbol sequence; masked data/far-call addresses do not prove source semantics
1.8,1010:2B9A,1.3,1010:2BA6,0x2bc2,0x18b46,926c0001944b9822cdae10b35c92c2d6cd3772bc774c4c88fb17df7465d1f156,f34d05400b57d370c39c4066299368cf6ade1c218e4bab58753fc5cf58f395f8,unique-masked-binary-counterpart,High,28,18,True,True,1,True,1010:2BA6,not claimed,full masked byte envelope + reachable instruction layout + import-symbol sequence; masked data/far-call addresses do not prove source semantics
1.8,1010:2B9A,1.6,1010:2B9A,0x2bb6,0x18b3a,5851849bacd8b03e93444d8a8f34d51c23fecddc73d6b8df7f016885c3b9d418,5a91c3d6e2a7901092c053b5cc9d84e54510e48170e4d3a6d5ee48a3f5a0a486,unique-masked-binary-counterpart,High,28,18,True,True,1,True,1010:2B9A,not claimed,full masked byte envelope + reachable instruction layout + import-symbol sequence; masked data/far-call addresses do not prove source semantics
1.8,1010:2B9A,1.8,1010:2B9A,0x2bb6,0x18b3a,144e96bb649c5463d440c343ad982ed8e5f143e788c9af08bbb890fcd1b3db22,be17aaf303d9b486d4eebd8f7bff995a57ccad793f09597fb0a2ada01f3c3f4d,unique-masked-binary-counterpart,High,28,18,True,True,1,True,1010:2B9A,not claimed,full masked byte envelope + reachable instruction layout + import-symbol sequence; masked data/far-call addresses do not prove source semantics
1.8,1010:2B9A,1.10,1010:2BE6,0x2c02,0x18ba6,12fe5168783446275802e0e947898261b5eca6b88288f3a895fc1faa4c544481,399827fe0b83d155bb1625945413cc744def5bac709cafc2194d79f1610e5a1d,unique-masked-binary-counterpart,High,28,18,True,True,1,True,1010:2BE6,not claimed,full masked byte envelope + reachable instruction layout + import-symbol sequence; masked data/far-call addresses do not prove source semantics
1.8,1010:5AF2,1.0,,,,6476e259a3a763e2985f22ea6655929e5b313f63ca4bcb976f98b6d50b72140c,,unresolved-modified-or-unmapped,Unknown,357,315,False,False,0,False,,not claimed,full masked byte envelope + reachable instruction layout + import-symbol sequence; masked data/far-call addresses do not prove source semantics
1.8,1010:5AF2,1.3,,,,926c0001944b9822cdae10b35c92c2d6cd3772bc774c4c88fb17df7465d1f156,,unresolved-modified-or-unmapped,Unknown,357,315,False,False,0,False,,not claimed,full masked byte envelope + reachable instruction layout + import-symbol sequence; masked data/far-call addresses do not prove source semantics
1.8,1010:5AF2,1.6,1010:5AF2,0x5c57,0x1ba92,5851849bacd8b03e93444d8a8f34d51c23fecddc73d6b8df7f016885c3b9d418,f2f09b5047be66697768bddc89d95525786c1e4be5cecd85235daf20f9a74ddd,unique-masked-binary-counterpart,High,357,315,True,True,9,True,1010:5AF2,not claimed,full masked byte envelope + reachable instruction layout + import-symbol sequence; masked data/far-call addresses do not prove source semantics
1.8,1010:5AF2,1.8,1010:5AF2,0x5c57,0x1ba92,144e96bb649c5463d440c343ad982ed8e5f143e788c9af08bbb890fcd1b3db22,ef2a471aa5061fd51275bfe354f41c3f4d4a0fd67068bf2d2065326b5e2b1736,unique-masked-binary-counterpart,High,357,315,True,True,9,True,1010:5AF2,not claimed,full masked byte envelope + reachable instruction layout + import-symbol sequence; masked data/far-call addresses do not prove source semantics
1.8,1010:5AF2,1.10,1010:5B96,0x5cfb,0x1bb56,12fe5168783446275802e0e947898261b5eca6b88288f3a895fc1faa4c544481,a0e646db1582fa0c7c4dbf1f0c3e9f571dc85d22417ae31703e020ae982f8169,unique-masked-binary-counterpart,High,357,315,True,True,9,True,1010:5B96,not claimed,full masked byte envelope + reachable instruction layout + import-symbol sequence; masked data/far-call addresses do not prove source semantics
1.8,1010:A018,1.0,,,,6476e259a3a763e2985f22ea6655929e5b313f63ca4bcb976f98b6d50b72140c,,unresolved-modified-or-unmapped,Unknown,39,39,False,False,0,False,,not claimed,full masked byte envelope + reachable instruction layout + import-symbol sequence; masked data/far-call addresses do not prove source semantics
1.8,1010:A018,1.3,1010:9EA4,0x9ecb,0x1fe44,926c0001944b9822cdae10b35c92c2d6cd3772bc774c4c88fb17df7465d1f156,cd6e8693a9f7555d1de18ca9e98862d70fc27da50802b74892f8f9663a24a73b,unique-masked-binary-counterpart,High,39,39,True,True,0,True,1010:9EA4,not claimed,full masked byte envelope + reachable instruction layout + import-symbol sequence; masked data/far-call addresses do not prove source semantics
1.8,1010:A018,1.6,1010:A018,0xa03f,0x1ffb8,5851849bacd8b03e93444d8a8f34d51c23fecddc73d6b8df7f016885c3b9d418,cd6e8693a9f7555d1de18ca9e98862d70fc27da50802b74892f8f9663a24a73b,unique-masked-binary-counterpart,High,39,39,True,True,0,True,1010:A018,not claimed,full masked byte envelope + reachable instruction layout + import-symbol sequence; masked data/far-call addresses do not prove source semantics
1.8,1010:A018,1.8,1010:A018,0xa03f,0x1ffb8,144e96bb649c5463d440c343ad982ed8e5f143e788c9af08bbb890fcd1b3db22,cd6e8693a9f7555d1de18ca9e98862d70fc27da50802b74892f8f9663a24a73b,unique-masked-binary-counterpart,High,39,39,True,True,0,True,1010:A018,not claimed,full masked byte envelope + reachable instruction layout + import-symbol sequence; masked data/far-call addresses do not prove source semantics
1.8,1010:A018,1.10,1010:A0C6,0xa0ed,0x20086,12fe5168783446275802e0e947898261b5eca6b88288f3a895fc1faa4c544481,cd6e8693a9f7555d1de18ca9e98862d70fc27da50802b74892f8f9663a24a73b,unique-masked-binary-counterpart,High,39,39,True,True,0,True,1010:A0C6,not claimed,full masked byte envelope + reachable instruction layout + import-symbol sequence; masked data/far-call addresses do not prove source semantics
1.8,1010:ADA8,1.0,,,,6476e259a3a763e2985f22ea6655929e5b313f63ca4bcb976f98b6d50b72140c,,unresolved-modified-or-unmapped,Unknown,442,396,False,False,0,False,,not claimed,full masked byte envelope + reachable instruction layout + import-symbol sequence; masked data/far-call addresses do not prove source semantics
1.8,1010:ADA8,1.3,,,,926c0001944b9822cdae10b35c92c2d6cd3772bc774c4c88fb17df7465d1f156,,unresolved-modified-or-unmapped,Unknown,442,396,False,False,0,False,,not claimed,full masked byte envelope + reachable instruction layout + import-symbol sequence; masked data/far-call addresses do not prove source semantics
1.8,1010:ADA8,1.6,,,,5851849bacd8b03e93444d8a8f34d51c23fecddc73d6b8df7f016885c3b9d418,,unresolved-modified-or-unmapped,Unknown,442,396,False,False,0,False,,not claimed,full masked byte envelope + reachable instruction layout + import-symbol sequence; masked data/far-call addresses do not prove source semantics
1.8,1010:ADA8,1.8,1010:ADA8,0xaf62,0x20d48,144e96bb649c5463d440c343ad982ed8e5f143e788c9af08bbb890fcd1b3db22,549a05c5aa59cf03144f266c0d9cd53526d02b9b8763f3ae3bb8d2e3dd5922c8,unique-masked-binary-counterpart,High,442,396,True,True,6,True,1010:ADA8,not claimed,full masked byte envelope + reachable instruction layout + import-symbol sequence; masked data/far-call addresses do not prove source semantics
1.8,1010:ADA8,1.10,,,,12fe5168783446275802e0e947898261b5eca6b88288f3a895fc1faa4c544481,,unresolved-modified-or-unmapped,Unknown,442,396,False,False,0,False,,not claimed,full masked byte envelope + reachable instruction layout + import-symbol sequence; masked data/far-call addresses do not prove source semantics
1.8,1010:D6DE,1.0,1010:D55E,0xd592,0x234fe,6476e259a3a763e2985f22ea6655929e5b313f63ca4bcb976f98b6d50b72140c,785af37f66f70a78962eef5e8e2590eda89d8d9f0fb60a78dd5a8e93457c52d1,unique-masked-binary-counterpart,High,52,20,False,True,6,False,1010:D55E,not claimed,full masked byte envelope + reachable instruction layout + import-symbol sequence; masked data/far-call addresses do not prove source semantics
1.8,1010:D6DE,1.3,1010:D56A,0xd59e,0x2350a,926c0001944b9822cdae10b35c92c2d6cd3772bc774c4c88fb17df7465d1f156,bb5ec2bf5ebd346b97f6e03d1d4beca89e4c5ffe93da0e6e296615e61e25b8ef,unique-masked-binary-counterpart,High,52,20,True,True,6,True,1010:D56A,not claimed,full masked byte envelope + reachable instruction layout + import-symbol sequence; masked data/far-call addresses do not prove source semantics
1.8,1010:D6DE,1.6,1010:D6DE,0xd712,0x2367e,5851849bacd8b03e93444d8a8f34d51c23fecddc73d6b8df7f016885c3b9d418,3fec4db90d689832683d8dfea7a06c78b4773f464a6c382c522eb7b0cc5ba7c6,unique-masked-binary-counterpart,High,52,20,True,True,6,True,1010:D6DE,not claimed,full masked byte envelope + reachable instruction layout + import-symbol sequence; masked data/far-call addresses do not prove source semantics
1.8,1010:D6DE,1.8,1010:D6DE,0xd712,0x2367e,144e96bb649c5463d440c343ad982ed8e5f143e788c9af08bbb890fcd1b3db22,5ff7d286e2e571211cdb03068f2e14283871e20ce02cb4a815a18e42d53f4889,unique-masked-binary-counterpart,High,52,20,True,True,6,True,1010:D6DE,not claimed,full masked byte envelope + reachable instruction layout + import-symbol sequence; masked data/far-call addresses do not prove source semantics
1.8,1010:D6DE,1.10,1010:D78C,0xd7c0,0x2374c,12fe5168783446275802e0e947898261b5eca6b88288f3a895fc1faa4c544481,15bf2d95cd644ce2e1204615ed7e03aaaae1ec7b2ea7e77e273035ab0c296310,unique-masked-binary-counterpart,High,52,20,True,True,6,True,1010:D78C,not claimed,full masked byte envelope + reachable instruction layout + import-symbol sequence; masked data/far-call addresses do not prove source semantics
1.8,1010:D712,1.0,1010:D592,0xd5a2,0x23532,6476e259a3a763e2985f22ea6655929e5b313f63ca4bcb976f98b6d50b72140c,03496ca3dcdfd1fc1f92f44e4e2c9fcdb1f216f8aea9725a3b50008606def915,unique-masked-binary-counterpart,High,16,4,False,True,2,False,1000:27F9 | 1000:3450 | 1000:45C9 | 1000:7BAB | 1008:0F8F | 1010:D582 | 1010:D592,not claimed,full masked byte envelope + reachable instruction layout + import-symbol sequence; masked data/far-call addresses do not prove source semantics
1.8,1010:D712,1.3,1010:D59E,0xd5ae,0x2353e,926c0001944b9822cdae10b35c92c2d6cd3772bc774c4c88fb17df7465d1f156,ee477a6582897e763054323ed6988cccd33dac41d0736734dee49257b298f8e3,unique-masked-binary-counterpart,High,16,4,True,True,3,True,1000:27F9 | 1000:3450 | 1000:45C9 | 1000:7BAB | 1008:0F8F | 1010:D58E | 1010:D59E,not claimed,full masked byte envelope + reachable instruction layout + import-symbol sequence; masked data/far-call addresses do not prove source semantics
1.8,1010:D712,1.6,1010:D712,0xd722,0x236b2,5851849bacd8b03e93444d8a8f34d51c23fecddc73d6b8df7f016885c3b9d418,f10412913d5c26157ca57a7466700e61f01ed4c1c5773ee405768bde3c043101,unique-masked-binary-counterpart,High,16,4,True,True,3,True,1000:27F9 | 1000:3450 | 1000:45C9 | 1000:7BAB | 1008:0F8F | 1010:D702 | 1010:D712,not claimed,full masked byte envelope + reachable instruction layout + import-symbol sequence; masked data/far-call addresses do not prove source semantics
1.8,1010:D712,1.8,1010:D712,0xd722,0x236b2,144e96bb649c5463d440c343ad982ed8e5f143e788c9af08bbb890fcd1b3db22,f10412913d5c26157ca57a7466700e61f01ed4c1c5773ee405768bde3c043101,unique-masked-binary-counterpart,High,16,4,True,True,3,True,1000:27F9 | 1000:3450 | 1000:45C9 | 1000:7BAB | 1008:0F8F | 1010:D702 | 1010:D712,not claimed,full masked byte envelope + reachable instruction layout + import-symbol sequence; masked data/far-call addresses do not prove source semantics
1.8,1010:D712,1.10,1010:D7C0,0xd7d0,0x23780,12fe5168783446275802e0e947898261b5eca6b88288f3a895fc1faa4c544481,d569fd2ee554db5200598c33e531f8da1228e216b908cb985246583f7c46a8a2,unique-masked-binary-counterpart,High,16,4,True,True,3,True,1000:280D | 1000:3464 | 1000:45DD | 1000:7BBF | 1008:0F8F | 1010:D7B0 | 1010:D7C0,not claimed,full masked byte envelope + reachable instruction layout + import-symbol sequence; masked data/far-call addresses do not prove source semantics
1.8,1010:D722,1.0,,,,6476e259a3a763e2985f22ea6655929e5b313f63ca4bcb976f98b6d50b72140c,,unresolved-modified-or-unmapped,Unknown,299,261,False,False,0,False,,not claimed,full masked byte envelope + reachable instruction layout + import-symbol sequence; masked data/far-call addresses do not prove source semantics
1.8,1010:D722,1.3,1010:D5AE,0xd6d9,0x2354e,926c0001944b9822cdae10b35c92c2d6cd3772bc774c4c88fb17df7465d1f156,9798bdd821030457df4789e4c443cb9f72e7b124030c59c3dbcc553e1b999b4d,unique-masked-binary-counterpart,High,299,261,True,True,4,True,1010:D5AE,not claimed,full masked byte envelope + reachable instruction layout + import-symbol sequence; masked data/far-call addresses do not prove source semantics
1.8,1010:D722,1.6,1010:D722,0xd84d,0x236c2,5851849bacd8b03e93444d8a8f34d51c23fecddc73d6b8df7f016885c3b9d418,dc25e9c9c0fd625d5f120af51b4d0c6e0acfc5b871736322d58fdadfb3c5cb1f,unique-masked-binary-counterpart,High,299,261,True,True,4,True,1010:D722,not claimed,full masked byte envelope + reachable instruction layout + import-symbol sequence; masked data/far-call addresses do not prove source semantics
1.8,1010:D722,1.8,1010:D722,0xd84d,0x236c2,144e96bb649c5463d440c343ad982ed8e5f143e788c9af08bbb890fcd1b3db22,20132af15a8c49ec7219a69002b1f43a8c173d7b591e9a85fdce125c4ae73df2,unique-masked-binary-counterpart,High,299,261,True,True,4,True,1010:D722,not claimed,full masked byte envelope + reachable instruction layout + import-symbol sequence; masked data/far-call addresses do not prove source semantics
1.8,1010:D722,1.10,1010:D7D0,0xd8fb,0x23790,12fe5168783446275802e0e947898261b5eca6b88288f3a895fc1faa4c544481,4629d072f738c3274e24120d2045d71f2b783891d38a59f43bdff996375e20c5,unique-masked-binary-counterpart,High,299,261,True,True,4,True,1010:D7D0,not claimed,full masked byte envelope + reachable instruction layout + import-symbol sequence; masked data/far-call addresses do not prove source semantics
1.8,1010:E016,1.0,,,,6476e259a3a763e2985f22ea6655929e5b313f63ca4bcb976f98b6d50b72140c,,unresolved-modified-or-unmapped,Unknown,566,342,False,False,0,False,,not claimed,full masked byte envelope + reachable instruction layout + import-symbol sequence; masked data/far-call addresses do not prove source semantics
1.8,1010:E016,1.3,,,,926c0001944b9822cdae10b35c92c2d6cd3772bc774c4c88fb17df7465d1f156,,unresolved-modified-or-unmapped,Unknown,566,342,False,False,0,False,,not claimed,full masked byte envelope + reachable instruction layout + import-symbol sequence; masked data/far-call addresses do not prove source semantics
1.8,1010:E016,1.6,,,,5851849bacd8b03e93444d8a8f34d51c23fecddc73d6b8df7f016885c3b9d418,,unresolved-modified-or-unmapped,Unknown,566,342,False,False,0,False,,not claimed,full masked byte envelope + reachable instruction layout + import-symbol sequence; masked data/far-call addresses do not prove source semantics
1.8,1010:E016,1.8,1010:E016,0xe24c,0x23fb6,144e96bb649c5463d440c343ad982ed8e5f143e788c9af08bbb890fcd1b3db22,bb1528958a977c5f8c545591ed716e4a6767c1ef58255d846cf978895aabcb2c,unique-masked-binary-counterpart,High,566,342,True,True,13,True,1010:E016,not claimed,full masked byte envelope + reachable instruction layout + import-symbol sequence; masked data/far-call addresses do not prove source semantics
1.8,1010:E016,1.10,1010:E0C4,0xe2fa,0x24084,12fe5168783446275802e0e947898261b5eca6b88288f3a895fc1faa4c544481,e7f04c5104d364e0fe2ad849c23a4f110317451f1b0149e159988b68fc3b05b3,unique-masked-binary-counterpart,High,566,342,True,True,13,True,1010:E0C4,not claimed,full masked byte envelope + reachable instruction layout + import-symbol sequence; masked data/far-call addresses do not prove source semantics
1.8,1018:0000,1.0,,,,6476e259a3a763e2985f22ea6655929e5b313f63ca4bcb976f98b6d50b72140c,,unresolved-modified-or-unmapped,Unknown,201,175,False,False,0,False,,not claimed,full masked byte envelope + reachable instruction layout + import-symbol sequence; masked data/far-call addresses do not prove source semantics
1.8,1018:0000,1.3,,,,926c0001944b9822cdae10b35c92c2d6cd3772bc774c4c88fb17df7465d1f156,,unresolved-modified-or-unmapped,Unknown,201,175,False,False,0,False,,not claimed,full masked byte envelope + reachable instruction layout + import-symbol sequence; masked data/far-call addresses do not prove source semantics
1.8,1018:0000,1.6,,,,5851849bacd8b03e93444d8a8f34d51c23fecddc73d6b8df7f016885c3b9d418,,unresolved-modified-or-unmapped,Unknown,201,175,False,False,0,False,,not claimed,full masked byte envelope + reachable instruction layout + import-symbol sequence; masked data/far-call addresses do not prove source semantics
1.8,1018:0000,1.8,1018:0000,0xc9,0x25200,144e96bb649c5463d440c343ad982ed8e5f143e788c9af08bbb890fcd1b3db22,f04323c0c09098afe7c3337e29d0db2cfd5df5140d82143a3a59d9f00ee7339d,unique-masked-binary-counterpart,High,201,175,False,True,4,True,1018:0000,not claimed,full masked byte envelope + reachable instruction layout + import-symbol sequence; masked data/far-call addresses do not prove source semantics
1.8,1018:0000,1.10,,,,12fe5168783446275802e0e947898261b5eca6b88288f3a895fc1faa4c544481,,unresolved-modified-or-unmapped,Unknown,201,175,False,False,0,False,,not claimed,full masked byte envelope + reachable instruction layout + import-symbol sequence; masked data/far-call addresses do not prove source semantics
1.8,1018:0122,1.0,,,,6476e259a3a763e2985f22ea6655929e5b313f63ca4bcb976f98b6d50b72140c,,unresolved-modified-or-unmapped,Unknown,226,190,False,False,0,False,,not claimed,full masked byte envelope + reachable instruction layout + import-symbol sequence; masked data/far-call addresses do not prove source semantics
1.8,1018:0122,1.3,,,,926c0001944b9822cdae10b35c92c2d6cd3772bc774c4c88fb17df7465d1f156,,unresolved-modified-or-unmapped,Unknown,226,190,False,False,0,False,,not claimed,full masked byte envelope + reachable instruction layout + import-symbol sequence; masked data/far-call addresses do not prove source semantics
1.8,1018:0122,1.6,,,,5851849bacd8b03e93444d8a8f34d51c23fecddc73d6b8df7f016885c3b9d418,,unresolved-modified-or-unmapped,Unknown,226,190,False,False,0,False,,not claimed,full masked byte envelope + reachable instruction layout + import-symbol sequence; masked data/far-call addresses do not prove source semantics
1.8,1018:0122,1.8,1018:0122,0x204,0x25322,144e96bb649c5463d440c343ad982ed8e5f143e788c9af08bbb890fcd1b3db22,8e08e15a4c05489135cb2c32e11d2725a7f42ea2f1b8da933efd95ff76ec1beb,unique-masked-binary-counterpart,High,226,190,False,True,2,True,1018:0122,not claimed,full masked byte envelope + reachable instruction layout + import-symbol sequence; masked data/far-call addresses do not prove source semantics
1.8,1018:0122,1.10,,,,12fe5168783446275802e0e947898261b5eca6b88288f3a895fc1faa4c544481,,unresolved-modified-or-unmapped,Unknown,226,190,False,False,0,False,,not claimed,full masked byte envelope + reachable instruction layout + import-symbol sequence; masked data/far-call addresses do not prove source semantics
1.8,1018:0204,1.0,1010:EE48,0xeed2,0x24de8,6476e259a3a763e2985f22ea6655929e5b313f63ca4bcb976f98b6d50b72140c,f6330059600bb21024e940e048131c4bf494a72c66733d1b7f694d18f3746e7c,unique-masked-binary-counterpart,High,138,112,False,True,4,False,1010:EE48,not claimed,full masked byte envelope + reachable instruction layout + import-symbol sequence; masked data/far-call addresses do not prove source semantics
1.8,1018:0204,1.3,1010:EE94,0xef1e,0x24e34,926c0001944b9822cdae10b35c92c2d6cd3772bc774c4c88fb17df7465d1f156,bc3a556dd14eef646127cbf49230c8fd6769ed9fdb6741dec174b65fde70c4ac,unique-masked-binary-counterpart,High,138,112,False,True,4,False,1010:EE94,not claimed,full masked byte envelope + reachable instruction layout + import-symbol sequence; masked data/far-call addresses do not prove source semantics
1.8,1018:0204,1.6,1018:013A,0x1c4,0x2539a,5851849bacd8b03e93444d8a8f34d51c23fecddc73d6b8df7f016885c3b9d418,71a3149d421e5804ddda0b2b1c49efb908c85589a55b1273a144bf9d64f6cc02,unique-masked-binary-counterpart,High,138,112,False,True,4,True,1018:013A,not claimed,full masked byte envelope + reachable instruction layout + import-symbol sequence; masked data/far-call addresses do not prove source semantics
1.8,1018:0204,1.8,1018:0204,0x28e,0x25404,144e96bb649c5463d440c343ad982ed8e5f143e788c9af08bbb890fcd1b3db22,263bef6772e29051d8b14f333e687e3be6a35ea5cc1c76387b5de2974028004c,unique-masked-binary-counterpart,High,138,112,False,True,4,True,1018:0204,not claimed,full masked byte envelope + reachable instruction layout + import-symbol sequence; masked data/far-call addresses do not prove source semantics
1.8,1018:0204,1.10,1018:026C,0x2f6,0x254cc,12fe5168783446275802e0e947898261b5eca6b88288f3a895fc1faa4c544481,486a1b2507a77cec40b60b1b4a9a4458d9469bb2bfe9ede11515d10e3b440c77,unique-masked-binary-counterpart,High,138,112,False,True,4,True,1018:026C,not claimed,full masked byte envelope + reachable instruction layout + import-symbol sequence; masked data/far-call addresses do not prove source semantics
1.8,1018:028E,1.0,1010:EED2,0xef06,0x24e72,6476e259a3a763e2985f22ea6655929e5b313f63ca4bcb976f98b6d50b72140c,85406baeb828000481694ff6bb9285eca80f439d8f6ac972898725c33ba00ade,unique-masked-binary-counterpart,High,52,42,False,True,0,False,1010:EED2,not claimed,full masked byte envelope + reachable instruction layout + import-symbol sequence; masked data/far-call addresses do not prove source semantics
1.8,1018:028E,1.3,1010:EF1E,0xef52,0x24ebe,926c0001944b9822cdae10b35c92c2d6cd3772bc774c4c88fb17df7465d1f156,9e1b5699be52a84d865e5295bd0afadadbedcfb2f40121fc8c4f14757380fa35,unique-masked-binary-counterpart,High,52,42,False,True,0,False,1010:EF1E,not claimed,full masked byte envelope + reachable instruction layout + import-symbol sequence; masked data/far-call addresses do not prove source semantics
1.8,1018:028E,1.6,1018:01C4,0x1f8,0x25424,5851849bacd8b03e93444d8a8f34d51c23fecddc73d6b8df7f016885c3b9d418,2812808fa738c6fe4a5e8a86347e1f7b85d16f420714c162e64d4ea9cfd41fd5,unique-masked-binary-counterpart,High,52,42,False,True,0,True,1018:01C4,not claimed,full masked byte envelope + reachable instruction layout + import-symbol sequence; masked data/far-call addresses do not prove source semantics
1.8,1018:028E,1.8,1018:028E,0x2c2,0x2548e,144e96bb649c5463d440c343ad982ed8e5f143e788c9af08bbb890fcd1b3db22,c5fcd5f9c883f8b5b24d09d1737369ac25e8f03c39b4eeafd2d044efe359fc86,unique-masked-binary-counterpart,High,52,42,False,True,0,True,1018:028E,not claimed,full masked byte envelope + reachable instruction layout + import-symbol sequence; masked data/far-call addresses do not prove source semantics
1.8,1018:028E,1.10,1018:02F6,0x32a,0x25556,12fe5168783446275802e0e947898261b5eca6b88288f3a895fc1faa4c544481,a94a159d4f764a4028bd554dfd4a04dda4804c50033ea1e2fe730499248cc369,unique-masked-binary-counterpart,High,52,42,False,True,0,True,1018:02F6,not claimed,full masked byte envelope + reachable instruction layout + import-symbol sequence; masked data/far-call addresses do not prove source semantics
1.8,1018:02C2,1.0,1010:EF06,0xef50,0x24ea6,6476e259a3a763e2985f22ea6655929e5b313f63ca4bcb976f98b6d50b72140c,79af710538e7aed24480698517c3d06c956e76b756cdc04398aaf0cb7d5db40e,unique-masked-binary-counterpart,High,74,62,False,True,1,False,1010:EF06,not claimed,full masked byte envelope + reachable instruction layout + import-symbol sequence; masked data/far-call addresses do not prove source semantics
1.8,1018:02C2,1.3,1010:EF52,0xef9c,0x24ef2,926c0001944b9822cdae10b35c92c2d6cd3772bc774c4c88fb17df7465d1f156,fb54e3f7890debb5352365e9a92c4cfc6d304472300f11d7abf976513180c577,unique-masked-binary-counterpart,High,74,62,False,True,1,True,1010:EF52,not claimed,full masked byte envelope + reachable instruction layout + import-symbol sequence; masked data/far-call addresses do not prove source semantics
1.8,1018:02C2,1.6,1018:01F8,0x242,0x25458,5851849bacd8b03e93444d8a8f34d51c23fecddc73d6b8df7f016885c3b9d418,a382fa4b45511a4d2f6c689684c6dde123b0cb28a11bbc467860ead7d3713c60,unique-masked-binary-counterpart,High,74,62,False,True,1,True,1018:01F8,not claimed,full masked byte envelope + reachable instruction layout + import-symbol sequence; masked data/far-call addresses do not prove source semantics
1.8,1018:02C2,1.8,1018:02C2,0x30c,0x254c2,144e96bb649c5463d440c343ad982ed8e5f143e788c9af08bbb890fcd1b3db22,1790516b4324f3a5d6cc47202a8d5ae777509acae9846bcc1f24aa0531587f55,unique-masked-binary-counterpart,High,74,62,False,True,1,True,1018:02C2,not claimed,full masked byte envelope + reachable instruction layout + import-symbol sequence; masked data/far-call addresses do not prove source semantics
1.8,1018:02C2,1.10,1018:032A,0x374,0x2558a,12fe5168783446275802e0e947898261b5eca6b88288f3a895fc1faa4c544481,4a1c8bb5dba170d802af0697b37e55ef747e15ca85c1b62743d173363826214f,unique-masked-binary-counterpart,High,74,62,False,True,1,True,1018:032A,not claimed,full masked byte envelope + reachable instruction layout + import-symbol sequence; masked data/far-call addresses do not prove source semantics
1.8,1018:2F5C,1.0,,,,6476e259a3a763e2985f22ea6655929e5b313f63ca4bcb976f98b6d50b72140c,,unresolved-modified-or-unmapped,Unknown,215,129,False,False,0,False,,not claimed,full masked byte envelope + reachable instruction layout + import-symbol sequence; masked data/far-call addresses do not prove source semantics
1.8,1018:2F5C,1.3,,,,926c0001944b9822cdae10b35c92c2d6cd3772bc774c4c88fb17df7465d1f156,,unresolved-modified-or-unmapped,Unknown,215,129,False,False,0,False,,not claimed,full masked byte envelope + reachable instruction layout + import-symbol sequence; masked data/far-call addresses do not prove source semantics
1.8,1018:2F5C,1.6,1018:2E92,0x2f69,0x280f2,5851849bacd8b03e93444d8a8f34d51c23fecddc73d6b8df7f016885c3b9d418,e1404112de52136066b454d626f667ef431a77251ca343ba482ee073a0c2639c,unique-masked-binary-counterpart,High,215,129,True,True,16,True,1018:2E92,not claimed,full masked byte envelope + reachable instruction layout + import-symbol sequence; masked data/far-call addresses do not prove source semantics
1.8,1018:2F5C,1.8,1018:2F5C,0x3033,0x2815c,144e96bb649c5463d440c343ad982ed8e5f143e788c9af08bbb890fcd1b3db22,756e3b1a6ab4ae33ae97696f617044ba7f12e5c8ff5ec35ba227e7dee4bbe1a5,unique-masked-binary-counterpart,High,215,129,True,True,16,True,1018:2F5C,not claimed,full masked byte envelope + reachable instruction layout + import-symbol sequence; masked data/far-call addresses do not prove source semantics
1.8,1018:2F5C,1.10,,,,12fe5168783446275802e0e947898261b5eca6b88288f3a895fc1faa4c544481,,unresolved-modified-or-unmapped,Unknown,215,129,False,False,0,False,,not claimed,full masked byte envelope + reachable instruction layout + import-symbol sequence; masked data/far-call addresses do not prove source semantics
1.8,1018:332A,1.0,1018:2F4C,0x2f8d,0x2818c,6476e259a3a763e2985f22ea6655929e5b313f63ca4bcb976f98b6d50b72140c,55f1e7b83047531fa6e727096c2b2543429024bd72e869d7b32c656a1cecb5cf,unique-masked-binary-counterpart,High,65,49,False,True,0,False,1018:2F4C,not claimed,full masked byte envelope + reachable instruction layout + import-symbol sequence; masked data/far-call addresses do not prove source semantics
1.8,1018:332A,1.3,1018:2FF0,0x3031,0x28210,926c0001944b9822cdae10b35c92c2d6cd3772bc774c4c88fb17df7465d1f156,72cf9cf15f5639155cf6bfe8116d168c4b2d730d9d7d29321a22f827a512ccc6,unique-masked-binary-counterpart,High,65,49,False,True,0,False,1018:2FF0,not claimed,full masked byte envelope + reachable instruction layout + import-symbol sequence; masked data/far-call addresses do not prove source semantics
1.8,1018:332A,1.6,1018:3260,0x32a1,0x284c0,5851849bacd8b03e93444d8a8f34d51c23fecddc73d6b8df7f016885c3b9d418,731098eb81737f6ca82ca62f1ba46a4edf9a877a4e175731ebf399854ca8f7ad,unique-masked-binary-counterpart,High,65,49,True,True,0,True,1018:3260,not claimed,full masked byte envelope + reachable instruction layout + import-symbol sequence; masked data/far-call addresses do not prove source semantics
1.8,1018:332A,1.8,1018:332A,0x336b,0x2852a,144e96bb649c5463d440c343ad982ed8e5f143e788c9af08bbb890fcd1b3db22,a0bfe34e9bb3b6098587a3fb3ebd071fab6814461e69743cb23ac7c9f18a69a8,unique-masked-binary-counterpart,High,65,49,True,True,0,True,1018:332A,not claimed,full masked byte envelope + reachable instruction layout + import-symbol sequence; masked data/far-call addresses do not prove source semantics
1.8,1018:332A,1.10,1018:3322,0x3363,0x28582,12fe5168783446275802e0e947898261b5eca6b88288f3a895fc1faa4c544481,0e1ed16ae24b25d79849a7be72af849784eec582921cfd21b32c1102c3f5a1b1,unique-masked-binary-counterpart,High,65,49,True,True,0,True,1018:3322,not claimed,full masked byte envelope + reachable instruction layout + import-symbol sequence; masked data/far-call addresses do not prove source semantics
1.8,1018:336C,1.0,,,,6476e259a3a763e2985f22ea6655929e5b313f63ca4bcb976f98b6d50b72140c,,unresolved-modified-or-unmapped,Unknown,85,53,False,False,0,False,,not claimed,full masked byte envelope + reachable instruction layout + import-symbol sequence; masked data/far-call addresses do not prove source semantics
1.8,1018:336C,1.3,,,,926c0001944b9822cdae10b35c92c2d6cd3772bc774c4c88fb17df7465d1f156,,unresolved-modified-or-unmapped,Unknown,85,53,False,False,0,False,,not claimed,full masked byte envelope + reachable instruction layout + import-symbol sequence; masked data/far-call addresses do not prove source semantics
1.8,1018:336C,1.6,1018:32A2,0x32f7,0x28502,5851849bacd8b03e93444d8a8f34d51c23fecddc73d6b8df7f016885c3b9d418,352dba0fc3c6be6643eb5c1476850f90046de8048a0ee6acaa8db9e61a47da13,unique-masked-binary-counterpart,High,85,53,True,True,4,True,1018:32A2,not claimed,full masked byte envelope + reachable instruction layout + import-symbol sequence; masked data/far-call addresses do not prove source semantics
1.8,1018:336C,1.8,1018:336C,0x33c1,0x2856c,144e96bb649c5463d440c343ad982ed8e5f143e788c9af08bbb890fcd1b3db22,51bc3691b4c021a61d4dfe5a3b84c96123f45cc5cfddaee6e208106c12a79568,unique-masked-binary-counterpart,High,85,53,True,True,4,True,1018:336C,not claimed,full masked byte envelope + reachable instruction layout + import-symbol sequence; masked data/far-call addresses do not prove source semantics
1.8,1018:336C,1.10,,,,12fe5168783446275802e0e947898261b5eca6b88288f3a895fc1faa4c544481,,unresolved-modified-or-unmapped,Unknown,85,53,False,False,0,False,,not claimed,full masked byte envelope + reachable instruction layout + import-symbol sequence; masked data/far-call addresses do not prove source semantics
1.8,1018:00CA,1.0,1010:ED0E,0xed65,0x24cae,6476e259a3a763e2985f22ea6655929e5b313f63ca4bcb976f98b6d50b72140c,f2deb43f7f0974aff12733d85bf275de43c3753364a8f18c90d78ff77e07cf18,unique-masked-binary-counterpart,High,87,71,False,True,1,False,1010:ED0E,not claimed,full masked byte envelope + reachable instruction layout + import-symbol sequence; masked data/far-call addresses do not prove source semantics
1.8,1018:00CA,1.3,1010:ED5A,0xedb1,0x24cfa,926c0001944b9822cdae10b35c92c2d6cd3772bc774c4c88fb17df7465d1f156,fa7d4bc4a0efaaf4ece9f4200c0f319b7a14e0459123acbbb73a03c290d4cec2,unique-masked-binary-counterpart,High,87,71,False,True,1,False,1010:ED5A,not claimed,full masked byte envelope + reachable instruction layout + import-symbol sequence; masked data/far-call addresses do not prove source semantics
1.8,1018:00CA,1.6,1018:0000,0x57,0x25260,5851849bacd8b03e93444d8a8f34d51c23fecddc73d6b8df7f016885c3b9d418,ed346bb617009a1341b6143d3f445feef2a44df3c20885e66a4c055e7870e532,unique-masked-binary-counterpart,High,87,71,False,True,1,True,1018:0000,not claimed,full masked byte envelope + reachable instruction layout + import-symbol sequence; masked data/far-call addresses do not prove source semantics
1.8,1018:00CA,1.8,1018:00CA,0x121,0x252ca,144e96bb649c5463d440c343ad982ed8e5f143e788c9af08bbb890fcd1b3db22,11bbc98f5541a2f7dffb22e42540468665d296179fafa7769b917c2c2915e574,unique-masked-binary-counterpart,High,87,71,False,True,2,True,1018:00CA,not claimed,full masked byte envelope + reachable instruction layout + import-symbol sequence; masked data/far-call addresses do not prove source semantics
1.8,1018:00CA,1.10,1018:0132,0x189,0x25392,12fe5168783446275802e0e947898261b5eca6b88288f3a895fc1faa4c544481,b0cdb476c93c37b1379c1cc96dd35d54aed1eafb3e84b5aefb36196d8d05dc64,unique-masked-binary-counterpart,High,87,71,False,True,1,True,1018:0132,not claimed,full masked byte envelope + reachable instruction layout + import-symbol sequence; masked data/far-call addresses do not prove source semantics
