version,source_segment,source_selector,call_site_offset,call_site_file_offset,caller,caller_source10,instruction_bytes,target_selector,target_offset,callee,target_exact_start,target_containing_interval,fixup_provenance,import_symbol,call_kind,operand
1.0,1,1000,0x681,0xb41,FUN_1000_0676,FUN_1000_0676,26ff1f,,,,False,,,,far-indirect,*%es:(%bx)
1.0,1,1000,0x72e,0xbee,FUN_1000_071c,FUN_1000_071c,ff5c08,,,,False,,,,far-indirect,*0x8(%si)
1.0,1,1000,0xbc2,0x1082,FUN_1000_0baa,FUN_1000_0baa,26ff5f20,,,,False,,,,far-indirect,*%es:0x20(%bx)
1.0,1,1000,0x1218,0x16d8,FUN_1000_11ae,FUN_1000_11ae,26ff5f5c,,,,False,,,,far-indirect,*%es:0x5c(%bx)
1.0,1,1000,0x1264,0x1724,FUN_1000_11ae,FUN_1000_11ae,26ff5f58,,,,False,,,,far-indirect,*%es:0x58(%bx)
1.0,1,1000,0x12c4,0x1784,FUN_1000_12aa,FUN_1000_12aa,26ff5f5c,,,,False,,,,far-indirect,*%es:0x5c(%bx)
1.0,1,1000,0x1562,0x1a22,FUN_1000_14ec,FUN_1000_14ec,26ff5f38,,,,False,,,,far-indirect,*%es:0x38(%bx)
1.0,1,1000,0x156d,0x1a2d,FUN_1000_14ec,FUN_1000_14ec,26ff5f60,,,,False,,,,far-indirect,*%es:0x60(%bx)
1.0,1,1000,0x15c1,0x1a81,FUN_1000_14ec,FUN_1000_14ec,26ff5f60,,,,False,,,,far-indirect,*%es:0x60(%bx)
1.0,1,1000,0x1919,0x1dd9,FUN_1000_18cc,FUN_1000_18cc,26ff5f18,,,,False,,,,far-indirect,*%es:0x18(%bx)
1.0,1,1000,0x1a18,0x1ed8,FUN_1000_1a06,FUN_1000_1a06,26ff5f68,,,,False,,,,far-indirect,*%es:0x68(%bx)
1.0,1,1000,0x1a26,0x1ee6,FUN_1000_1a06,FUN_1000_1a06,26ff9f9c00,,,,False,,,,far-indirect,*%es:0x9c(%bx)
1.0,1,1000,0x1b5c,0x201c,FUN_1000_1b3e,FUN_1000_1b3e,26ff5f48,,,,False,,,,far-indirect,*%es:0x48(%bx)
1.0,1,1000,0x1b72,0x2032,FUN_1000_1b3e,FUN_1000_1b3e,26ff5f1c,,,,False,,,,far-indirect,*%es:0x1c(%bx)
1.0,1,1000,0x1d67,0x2227,FUN_1000_1b3e,FUN_1000_1b3e,ff5ef4,,,,False,,,,far-indirect,*-0xc(%bp)
1.0,1,1000,0x1e7d,0x233d,FUN_1000_1b3e,FUN_1000_1b3e,26ff5f5c,,,,False,,,,far-indirect,*%es:0x5c(%bx)
1.0,1,1000,0x1f4a,0x240a,FUN_1000_1f1a,FUN_1000_1f1a,26ff5f68,,,,False,,,,far-indirect,*%es:0x68(%bx)
1.0,1,1000,0x1fc9,0x2489,FUN_1000_1fb0,FUN_1000_1fb0,26ff5f68,,,,False,,,,far-indirect,*%es:0x68(%bx)
1.0,1,1000,0x2118,0x25d8,FUN_1000_2108,FUN_1000_2108,26ff5f40,,,,False,,,,far-indirect,*%es:0x40(%bx)
1.0,1,1000,0x214e,0x260e,FUN_1000_213e,FUN_1000_213e,26ff5f40,,,,False,,,,far-indirect,*%es:0x40(%bx)
1.0,1,1000,0x217c,0x263c,FUN_1000_216e,FUN_1000_216e,26ff5f40,,,,False,,,,far-indirect,*%es:0x40(%bx)
1.0,1,1000,0x21b8,0x2678,FUN_1000_21aa,FUN_1000_21aa,26ff5f40,,,,False,,,,far-indirect,*%es:0x40(%bx)
1.0,1,1000,0x2217,0x26d7,FUN_1000_21e8,FUN_1000_21e8,26ff5f40,,,,False,,,,far-indirect,*%es:0x40(%bx)
1.0,1,1000,0x2357,0x2817,FUN_1000_2242,FUN_1000_2242,26ff5f3c,,,,False,,,,far-indirect,*%es:0x3c(%bx)
1.0,1,1000,0x249f,0x295f,FUN_1000_2482,FUN_1000_2482,26ff5f64,,,,False,,,,far-indirect,*%es:0x64(%bx)
1.0,1,1000,0x2597,0x2a57,FUN_1000_2550,FUN_1000_2550,26ff5f50,,,,False,,,,far-indirect,*%es:0x50(%bx)
1.0,1,1000,0x2862,0x2d22,FUN_1000_282c,FUN_1000_282c,ff9c8000,,,,False,,,,far-indirect,*0x80(%si)
1.0,1,1000,0x2870,0x2d30,FUN_1000_282c,FUN_1000_282c,ff9c8400,,,,False,,,,far-indirect,*0x84(%si)
1.0,1,1000,0x2a61,0x2f21,FUN_1000_2a12,FUN_1000_2a12,26ff5f04,,,,False,,,,far-indirect,*%es:0x4(%bx)
1.0,1,1000,0x2ab0,0x2f70,FUN_1000_2a7a,FUN_1000_2a7a,26ff5d38,,,,False,,,,far-indirect,*%es:0x38(%di)
1.0,1,1000,0x2ac6,0x2f86,FUN_1000_2a7a,FUN_1000_2a7a,26ff5d3c,,,,False,,,,far-indirect,*%es:0x3c(%di)
1.0,1,1000,0x2adc,0x2f9c,FUN_1000_2a7a,FUN_1000_2a7a,26ff5d40,,,,False,,,,far-indirect,*%es:0x40(%di)
1.0,1,1000,0x2af0,0x2fb0,FUN_1000_2a7a,FUN_1000_2a7a,26ff5d50,,,,False,,,,far-indirect,*%es:0x50(%di)
1.0,1,1000,0x2c9a,0x315a,FUN_1000_2c3c,FUN_1000_2c3c,26ff5f14,,,,False,,,,far-indirect,*%es:0x14(%bx)
1.0,1,1000,0x2cb9,0x3179,FUN_1000_2c3c,FUN_1000_2c3c,26ff5f14,,,,False,,,,far-indirect,*%es:0x14(%bx)
1.0,1,1000,0x2ed9,0x3399,FUN_1000_2eb4,FUN_1000_2eb4,26ff5d6c,,,,False,,,,far-indirect,*%es:0x6c(%di)
1.0,1,1000,0x2ef5,0x33b5,FUN_1000_2eb4,FUN_1000_2eb4,26ff5f14,,,,False,,,,far-indirect,*%es:0x14(%bx)
1.0,1,1000,0x2f1d,0x33dd,FUN_1000_2eb4,FUN_1000_2eb4,26ff5d14,,,,False,,,,far-indirect,*%es:0x14(%di)
1.0,1,1000,0x34f1,0x39b1,FUN_1000_34d0,FUN_1000_34d0,26ff5f1c,,,,False,,,,far-indirect,*%es:0x1c(%bx)
1.0,1,1000,0x357b,0x3a3b,FUN_1000_3504,FUN_1000_3504,ff5efa,,,,False,,,,far-indirect,*-0x6(%bp)
1.0,1,1000,0x3587,0x3a47,FUN_1000_3504,FUN_1000_3504,ff5efa,,,,False,,,,far-indirect,*-0x6(%bp)
1.0,1,1000,0x35a7,0x3a67,FUN_1000_3504,FUN_1000_3504,ff5efa,,,,False,,,,far-indirect,*-0x6(%bp)
1.0,1,1000,0x35c0,0x3a80,FUN_1000_35b4,FUN_1000_35b4,26ff5f1c,,,,False,,,,far-indirect,*%es:0x1c(%bx)
1.0,1,1000,0x3699,0x3b59,FUN_1000_3690,FUN_1000_3690,26ff5f60,,,,False,,,,far-indirect,*%es:0x60(%bx)
1.0,1,1000,0x36a9,0x3b69,FUN_1000_36a0,FUN_1000_36a0,26ff5f60,,,,False,,,,far-indirect,*%es:0x60(%bx)
1.0,1,1000,0x38de,0x3d9e,FUN_1000_38b6,FUN_1000_38b6,26ff5f14,,,,False,,,,far-indirect,*%es:0x14(%bx)
1.0,1,1000,0x3900,0x3dc0,FUN_1000_38b6,FUN_1000_38b6,26ff5f14,,,,False,,,,far-indirect,*%es:0x14(%bx)
1.0,1,1000,0x3908,0x3dc8,FUN_1000_38b6,FUN_1000_38b6,ff1f,,,,False,,,,far-indirect,*(%bx)
1.0,1,1000,0x39fc,0x3ebc,FUN_1000_39da,FUN_1000_39da,26ff5f44,,,,False,,,,far-indirect,*%es:0x44(%bx)
1.0,1,1000,0x3ae0,0x3fa0,FUN_1000_3ad4,FUN_1000_3ad4,26ff5f6c,,,,False,,,,far-indirect,*%es:0x6c(%bx)
1.0,1,1000,0x3b02,0x3fc2,FUN_1000_3ad4,FUN_1000_3ad4,26ff5f54,,,,False,,,,far-indirect,*%es:0x54(%bx)
1.0,1,1000,0x3b2b,0x3feb,FUN_1000_3ad4,FUN_1000_3ad4,26ff5f54,,,,False,,,,far-indirect,*%es:0x54(%bx)
1.0,1,1000,0x3d73,0x4233,FUN_1000_3d5e,FUN_1000_3d5e,26ff5f30,,,,False,,,,far-indirect,*%es:0x30(%bx)
1.0,1,1000,0x3e36,0x42f6,FUN_1000_3d5e,FUN_1000_3d5e,26ff5f60,,,,False,,,,far-indirect,*%es:0x60(%bx)
1.0,1,1000,0x3e72,0x4332,FUN_1000_3d5e,FUN_1000_3d5e,26ff5f34,,,,False,,,,far-indirect,*%es:0x34(%bx)
1.0,1,1000,0x4452,0x4912,FUN_1000_4432,FUN_1000_4432,26ff5f04,,,,False,,,,far-indirect,*%es:0x4(%bx)
1.0,1,1000,0x44d6,0x4996,FUN_1000_447e,FUN_1000_447e,26ff5f04,,,,False,,,,far-indirect,*%es:0x4(%bx)
1.0,1,1000,0x4510,0x49d0,FUN_1000_447e,FUN_1000_447e,ff5c08,,,,False,,,,far-indirect,*0x8(%si)
1.0,1,1000,0x4516,0x49d6,FUN_1000_4516,FUN_1000_4516,ff1e0e05,,,,False,,,,far-indirect,*0x50e
1.0,1,1000,0x4742,0x4c02,FUN_1000_4700,FUN_1000_4700,26ff5f04,,,,False,,,,far-indirect,*%es:0x4(%bx)
1.0,1,1000,0x48cc,0x4d8c,FUN_1000_486e,FUN_1000_486e,26ff5f30,,,,False,,,,far-indirect,*%es:0x30(%bx)
1.0,1,1000,0x4905,0x4dc5,FUN_1000_48e6,FUN_1000_48e6,26ff5f20,,,,False,,,,far-indirect,*%es:0x20(%bx)
1.0,1,1000,0x4930,0x4df0,FUN_1000_48e6,FUN_1000_48e6,26ff5f30,,,,False,,,,far-indirect,*%es:0x30(%bx)
1.0,1,1000,0x493a,0x4dfa,FUN_1000_48e6,FUN_1000_48e6,26ff5f40,,,,False,,,,far-indirect,*%es:0x40(%bx)
1.0,1,1000,0x5e6d,0x632d,FUN_1000_5d10,FUN_1000_5d10,ff1efa44,,,,False,,,,far-indirect,*0x44fa
1.0,1,1000,0x5fe9,0x64a9,FUN_1000_5fd4,FUN_1000_5fd4,ff9f8800,,,,False,,,,far-indirect,*0x88(%bx)
1.0,1,1000,0x5ffa,0x64ba,FUN_1000_5fd4,FUN_1000_5fd4,ff1efa44,,,,False,,,,far-indirect,*0x44fa
1.0,1,1000,0x66f8,0x6bb8,FUN_1000_66c8,FUN_1000_66c8,26ff5f34,,,,False,,,,far-indirect,*%es:0x34(%bx)
1.0,1,1000,0x6722,0x6be2,FUN_1000_66c8,FUN_1000_66c8,26ff5f70,,,,False,,,,far-indirect,*%es:0x70(%bx)
1.0,1,1000,0x672f,0x6bef,FUN_1000_66c8,FUN_1000_66c8,26ff5f68,,,,False,,,,far-indirect,*%es:0x68(%bx)
1.0,1,1000,0x6772,0x6c32,FUN_1000_6760,FUN_1000_6760,26ff5f04,,,,False,,,,far-indirect,*%es:0x4(%bx)
1.0,1,1000,0x68a2,0x6d62,FUN_1000_685a,FUN_1000_685a,26ff5f68,,,,False,,,,far-indirect,*%es:0x68(%bx)
1.0,1,1000,0x6a7e,0x6f3e,FUN_1000_6a34,FUN_1000_6a34,26ff5f30,,,,False,,,,far-indirect,*%es:0x30(%bx)
1.0,1,1000,0x6acf,0x6f8f,FUN_1000_6aac,FUN_1000_6aac,26ff9f8400,,,,False,,,,far-indirect,*%es:0x84(%bx)
1.0,1,1000,0x6af2,0x6fb2,FUN_1000_6aac,FUN_1000_6aac,26ff5f78,,,,False,,,,far-indirect,*%es:0x78(%bx)
1.0,1,1000,0x6e98,0x7358,FUN_1000_6e80,FUN_1000_6e80,26ff5f74,,,,False,,,,far-indirect,*%es:0x74(%bx)
1.0,1,1000,0x6ebb,0x737b,FUN_1000_6e80,FUN_1000_6e80,26ff9f9000,,,,False,,,,far-indirect,*%es:0x90(%bx)
1.0,1,1000,0x6ecd,0x738d,FUN_1000_6e80,FUN_1000_6e80,26ff9fb000,,,,False,,,,far-indirect,*%es:0xb0(%bx)
1.0,1,1000,0x6ef8,0x73b8,FUN_1000_6ee0,FUN_1000_6ee0,26ff5f38,,,,False,,,,far-indirect,*%es:0x38(%bx)
1.0,1,1000,0x6f08,0x73c8,FUN_1000_6ee0,FUN_1000_6ee0,26ff9c9c00,,,,False,,,,far-indirect,*%es:0x9c(%si)
1.0,1,1000,0x6f1e,0x73de,FUN_1000_6ee0,FUN_1000_6ee0,26ff5f74,,,,False,,,,far-indirect,*%es:0x74(%bx)
1.0,1,1000,0x6f35,0x73f5,FUN_1000_6ee0,FUN_1000_6ee0,26ff9f9000,,,,False,,,,far-indirect,*%es:0x90(%bx)
1.0,1,1000,0x7069,0x7529,FUN_1000_7046,FUN_1000_7046,26ff5d4c,,,,False,,,,far-indirect,*%es:0x4c(%di)
1.0,1,1000,0x71bd,0x767d,FUN_1000_7192,FUN_1000_7192,26ff9f9000,,,,False,,,,far-indirect,*%es:0x90(%bx)
1.0,1,1000,0x71de,0x769e,FUN_1000_7192,FUN_1000_7192,26ff9f9000,,,,False,,,,far-indirect,*%es:0x90(%bx)
1.0,1,1000,0x7544,0x7a04,FUN_1000_7502,FUN_1000_7502,ff5f04,,,,False,,,,far-indirect,*0x4(%bx)
1.0,1,1000,0x75d8,0x7a98,FUN_1000_75a2,FUN_1000_75a2,ff1f,,,,False,,,,far-indirect,*(%bx)
1.0,1,1000,0x7929,0x7de9,FUN_1000_7916,FUN_1000_7916,26ff9f9000,,,,False,,,,far-indirect,*%es:0x90(%bx)
1.0,1,1000,0x7939,0x7df9,FUN_1000_7916,FUN_1000_7916,26ff9f8c00,,,,False,,,,far-indirect,*%es:0x8c(%bx)
1.0,1,1000,0x794e,0x7e0e,FUN_1000_7916,FUN_1000_7916,26ff5f78,,,,False,,,,far-indirect,*%es:0x78(%bx)
1.0,1,1000,0x79a3,0x7e63,FUN_1000_798a,FUN_1000_798a,26ff5f30,,,,False,,,,far-indirect,*%es:0x30(%bx)
1.0,1,1000,0x7af0,0x7fb0,FUN_1000_7ad8,FUN_1000_7ad8,26ff5f78,,,,False,,,,far-indirect,*%es:0x78(%bx)
1.0,1,1000,0x7e55,0x8315,FUN_1000_7e24,FUN_1000_7e24,26ff5f14,,,,False,,,,far-indirect,*%es:0x14(%bx)
1.0,1,1000,0x832e,0x87ee,FUN_1000_81aa,FUN_1000_81aa,26ff5f54,,,,False,,,,far-indirect,*%es:0x54(%bx)
1.0,1,1000,0x83c6,0x8886,FUN_1000_83ae,FUN_1000_83ae,26ff5f04,,,,False,,,,far-indirect,*%es:0x4(%bx)
1.0,1,1000,0x9997,0x9e57,FUN_1000_9984,FUN_1000_9984,26ff9f8000,,,,False,,,,far-indirect,*%es:0x80(%bx)
1.0,1,1000,0x9a3e,0x9efe,FUN_1000_9a2c,FUN_1000_9a2c,26ff9f8400,,,,False,,,,far-indirect,*%es:0x84(%bx)
1.0,1,1000,0x9aca,0x9f8a,FUN_1000_9ab6,FUN_1000_9ab6,26ff9f8400,,,,False,,,,far-indirect,*%es:0x84(%bx)
1.0,1,1000,0x9b68,0xa028,FUN_1000_9af8,FUN_1000_9af8,26ff9f8400,,,,False,,,,far-indirect,*%es:0x84(%bx)
1.0,1,1000,0x9bda,0xa09a,FUN_1000_9b90,FUN_1000_9b90,26ff9f8400,,,,False,,,,far-indirect,*%es:0x84(%bx)
1.0,1,1000,0xa0c3,0xa583,FUN_1000_a0a0,FUN_1000_a0a0,26ff5f54,,,,False,,,,far-indirect,*%es:0x54(%bx)
1.0,1,1000,0xa0f9,0xa5b9,FUN_1000_a0d6,FUN_1000_a0d6,26ff5f58,,,,False,,,,far-indirect,*%es:0x58(%bx)
1.0,1,1000,0xa1cc,0xa68c,FUN_1000_a19e,FUN_1000_a19e,26ff5d6c,,,,False,,,,far-indirect,*%es:0x6c(%di)
1.0,1,1000,0xa205,0xa6c5,FUN_1000_a1fa,FUN_1000_a1fa,26ff5f6c,,,,False,,,,far-indirect,*%es:0x6c(%bx)
1.0,1,1000,0xa212,0xa6d2,FUN_1000_a1fa,FUN_1000_a1fa,26ff5f68,,,,False,,,,far-indirect,*%es:0x68(%bx)
1.0,1,1000,0xa22b,0xa6eb,FUN_1000_a1fa,FUN_1000_a1fa,26ff5f44,,,,False,,,,far-indirect,*%es:0x44(%bx)
1.0,1,1000,0xa370,0xa830,FUN_1000_a330,FUN_1000_a330,26ff5d54,,,,False,,,,far-indirect,*%es:0x54(%di)
1.0,1,1000,0xa68d,0xab4d,FUN_1000_a62c,FUN_1000_a62c,26ff5f40,,,,False,,,,far-indirect,*%es:0x40(%bx)
1.0,1,1000,0xa862,0xad22,FUN_1000_a830,FUN_1000_a830,26ff5f30,,,,False,,,,far-indirect,*%es:0x30(%bx)
1.0,1,1000,0xa898,0xad58,FUN_1000_a874,FUN_1000_a874,26ff5f40,,,,False,,,,far-indirect,*%es:0x40(%bx)
1.0,1,1000,0xa8b5,0xad75,FUN_1000_a874,FUN_1000_a874,26ff5f40,,,,False,,,,far-indirect,*%es:0x40(%bx)
1.0,1,1000,0xaa70,0xaf30,FUN_1000_a952,FUN_1000_a952,26ff5f6c,,,,False,,,,far-indirect,*%es:0x6c(%bx)
1.0,1,1000,0xb09b,0xb55b,FUN_1000_b07e,FUN_1000_b07e,26ff5f2c,,,,False,,,,far-indirect,*%es:0x2c(%bx)
1.0,1,1000,0xc4a7,0xc967,FUN_1000_c494,FUN_1000_c494,26ff5f04,,,,False,,,,far-indirect,*%es:0x4(%bx)
1.0,1,1000,0xc7ed,0xccad,FUN_1000_c7b2,FUN_1000_c7b2,26ff5f04,,,,False,,,,far-indirect,*%es:0x4(%bx)
1.0,1,1000,0xc8c6,0xcd86,FUN_1000_c84a,FUN_1000_c84a,26ff9f9c00,,,,False,,,,far-indirect,*%es:0x9c(%bx)
1.0,1,1000,0xc8fb,0xcdbb,FUN_1000_c84a,FUN_1000_c84a,26ff5f14,,,,False,,,,far-indirect,*%es:0x14(%bx)
1.0,1,1000,0xc914,0xcdd4,FUN_1000_c84a,FUN_1000_c84a,26ff5d24,,,,False,,,,far-indirect,*%es:0x24(%di)
1.0,1,1000,0xc929,0xcde9,FUN_1000_c84a,FUN_1000_c84a,26ff5f18,,,,False,,,,far-indirect,*%es:0x18(%bx)
1.0,1,1000,0xc93a,0xcdfa,FUN_1000_c84a,FUN_1000_c84a,26ff9fa000,,,,False,,,,far-indirect,*%es:0xa0(%bx)
1.0,1,1000,0xc945,0xce05,FUN_1000_c84a,FUN_1000_c84a,26ff5f20,,,,False,,,,far-indirect,*%es:0x20(%bx)
1.0,1,1000,0xc95b,0xce1b,FUN_1000_c84a,FUN_1000_c84a,26ff5f28,,,,False,,,,far-indirect,*%es:0x28(%bx)
1.0,1,1000,0xd8ba,0xdd7a,FUN_1000_d878,FUN_1000_d878,ff5f0c,,,,False,,,,far-indirect,*0xc(%bx)
1.0,1,1000,0xd8c0,0xdd80,FUN_1000_d878,FUN_1000_d878,ff1c,,,,False,,,,far-indirect,*(%si)
1.0,1,1000,0xd8d5,0xdd95,FUN_1000_d878,FUN_1000_d878,ff1f,,,,False,,,,far-indirect,*(%bx)
1.0,1,1000,0xd93a,0xddfa,FUN_1000_d912,FUN_1000_d912,ff1f,,,,False,,,,far-indirect,*(%bx)
1.0,1,1000,0xd95d,0xde1d,FUN_1000_d942,FUN_1000_d942,ff1f,,,,False,,,,far-indirect,*(%bx)
1.0,1,1000,0xd979,0xde39,FUN_1000_d964,FUN_1000_d964,ff1f,,,,False,,,,far-indirect,*(%bx)
1.0,1,1000,0xdc03,0xe0c3,FUN_1000_dbd8,FUN_1000_dbd8,26ff5f6c,,,,False,,,,far-indirect,*%es:0x6c(%bx)
1.0,1,1000,0xdc71,0xe131,FUN_1000_dbd8,FUN_1000_dbd8,26ff5f6c,,,,False,,,,far-indirect,*%es:0x6c(%bx)
1.0,2,1008,0x30a,0xeb8a,FUN_1008_02e2,FUN_1008_02e2,26ff5f14,,,,False,,,,far-indirect,*%es:0x14(%bx)
1.0,2,1008,0x331,0xebb1,FUN_1008_0316,FUN_1008_0316,26ff5f1c,,,,False,,,,far-indirect,*%es:0x1c(%bx)
1.0,2,1008,0x1478,0xfcf8,FUN_1008_146c,FUN_1008_146c,26ff5f38,,,,False,,,,far-indirect,*%es:0x38(%bx)
1.0,2,1008,0x1488,0xfd08,FUN_1008_146c,FUN_1008_146c,26ff5f3c,,,,False,,,,far-indirect,*%es:0x3c(%bx)
1.0,2,1008,0x14cd,0xfd4d,FUN_1008_146c,FUN_1008_146c,26ff5f38,,,,False,,,,far-indirect,*%es:0x38(%bx)
1.0,2,1008,0x14dd,0xfd5d,FUN_1008_146c,FUN_1008_146c,26ff5f3c,,,,False,,,,far-indirect,*%es:0x3c(%bx)
1.0,2,1008,0x152a,0xfdaa,FUN_1008_146c,FUN_1008_146c,26ff5f38,,,,False,,,,far-indirect,*%es:0x38(%bx)
1.0,2,1008,0x1542,0xfdc2,FUN_1008_146c,FUN_1008_146c,26ff5f3c,,,,False,,,,far-indirect,*%es:0x3c(%bx)
1.0,2,1008,0x1589,0xfe09,FUN_1008_146c,FUN_1008_146c,26ff9f8c00,,,,False,,,,far-indirect,*%es:0x8c(%bx)
1.0,2,1008,0x164c,0xfecc,FUN_1008_1642,FUN_1008_1642,26ff5f60,,,,False,,,,far-indirect,*%es:0x60(%bx)
1.0,2,1008,0x1657,0xfed7,FUN_1008_1642,FUN_1008_1642,26ff5f54,,,,False,,,,far-indirect,*%es:0x54(%bx)
1.0,2,1008,0x1730,0xffb0,FUN_1008_16a0,FUN_1008_16a0,26ff5f40,,,,False,,,,far-indirect,*%es:0x40(%bx)
1.0,2,1008,0x178d,0x1000d,FUN_1008_16a0,FUN_1008_16a0,26ff5f50,,,,False,,,,far-indirect,*%es:0x50(%bx)
1.0,2,1008,0x17e3,0x10063,FUN_1008_16a0,FUN_1008_16a0,26ff5f34,,,,False,,,,far-indirect,*%es:0x34(%bx)
1.0,2,1008,0x1d03,0x10583,FUN_1008_1ce8,FUN_1008_1ce8,26ff5f40,,,,False,,,,far-indirect,*%es:0x40(%bx)
1.0,2,1008,0x1d3a,0x105ba,FUN_1008_1d0e,FUN_1008_1d0e,26ff5f40,,,,False,,,,far-indirect,*%es:0x40(%bx)
1.0,2,1008,0x1daa,0x1062a,FUN_1008_1d70,FUN_1008_1d70,26ff5f14,,,,False,,,,far-indirect,*%es:0x14(%bx)
1.0,2,1008,0x2056,0x108d6,FUN_1008_1ffe,FUN_1008_1ffe,26ff5f6c,,,,False,,,,far-indirect,*%es:0x6c(%bx)
1.0,2,1008,0x20d7,0x10957,FUN_1008_2066,FUN_1008_2066,26ff9fb000,,,,False,,,,far-indirect,*%es:0xb0(%bx)
1.0,2,1008,0x20ef,0x1096f,FUN_1008_2066,FUN_1008_2066,26ff5f7c,,,,False,,,,far-indirect,*%es:0x7c(%bx)
1.0,2,1008,0x2103,0x10983,FUN_1008_2066,FUN_1008_2066,26ff9f9000,,,,False,,,,far-indirect,*%es:0x90(%bx)
1.0,2,1008,0x211b,0x1099b,FUN_1008_2066,FUN_1008_2066,26ff9f8c00,,,,False,,,,far-indirect,*%es:0x8c(%bx)
1.0,2,1008,0x216e,0x109ee,FUN_1008_2162,FUN_1008_2162,26ff5f30,,,,False,,,,far-indirect,*%es:0x30(%bx)
1.0,2,1008,0x217e,0x109fe,FUN_1008_2162,FUN_1008_2162,26ff5f34,,,,False,,,,far-indirect,*%es:0x34(%bx)
1.0,2,1008,0x2193,0x10a13,FUN_1008_2162,FUN_1008_2162,26ff5f54,,,,False,,,,far-indirect,*%es:0x54(%bx)
1.0,2,1008,0x22e5,0x10b65,FUN_1008_22c6,FUN_1008_22c6,26ff5f60,,,,False,,,,far-indirect,*%es:0x60(%bx)
1.0,2,1008,0x2301,0x10b81,FUN_1008_22c6,FUN_1008_22c6,26ff5f48,,,,False,,,,far-indirect,*%es:0x48(%bx)
1.0,2,1008,0x2334,0x10bb4,FUN_1008_22c6,FUN_1008_22c6,26ff5f4c,,,,False,,,,far-indirect,*%es:0x4c(%bx)
1.0,2,1008,0x235b,0x10bdb,FUN_1008_22c6,FUN_1008_22c6,26ff5f04,,,,False,,,,far-indirect,*%es:0x4(%bx)
1.0,2,1008,0x237c,0x10bfc,FUN_1008_22c6,FUN_1008_22c6,26ff5f40,,,,False,,,,far-indirect,*%es:0x40(%bx)
1.0,2,1008,0x239c,0x10c1c,FUN_1008_22c6,FUN_1008_22c6,26ff5f30,,,,False,,,,far-indirect,*%es:0x30(%bx)
1.0,2,1008,0x23a3,0x10c23,FUN_1008_22c6,FUN_1008_22c6,26ff5f48,,,,False,,,,far-indirect,*%es:0x48(%bx)
1.0,2,1008,0x23b6,0x10c36,FUN_1008_22c6,FUN_1008_22c6,26ff5f34,,,,False,,,,far-indirect,*%es:0x34(%bx)
1.0,2,1008,0x23ef,0x10c6f,FUN_1008_22c6,FUN_1008_22c6,26ff5f4c,,,,False,,,,far-indirect,*%es:0x4c(%bx)
1.0,2,1008,0x2402,0x10c82,FUN_1008_22c6,FUN_1008_22c6,26ff5f34,,,,False,,,,far-indirect,*%es:0x34(%bx)
1.0,2,1008,0x2427,0x10ca7,FUN_1008_22c6,FUN_1008_22c6,26ff5f40,,,,False,,,,far-indirect,*%es:0x40(%bx)
1.0,2,1008,0x244d,0x10ccd,FUN_1008_22c6,FUN_1008_22c6,26ff5f30,,,,False,,,,far-indirect,*%es:0x30(%bx)
1.0,2,1008,0x2455,0x10cd5,FUN_1008_22c6,FUN_1008_22c6,26ff5f48,,,,False,,,,far-indirect,*%es:0x48(%bx)
1.0,2,1008,0x2473,0x10cf3,FUN_1008_22c6,FUN_1008_22c6,26ff5f34,,,,False,,,,far-indirect,*%es:0x34(%bx)
1.0,2,1008,0x249d,0x10d1d,FUN_1008_22c6,FUN_1008_22c6,26ff5f50,,,,False,,,,far-indirect,*%es:0x50(%bx)
1.0,2,1008,0x25be,0x10e3e,FUN_1008_25ac,FUN_1008_25ac,26ff5f04,,,,False,,,,far-indirect,*%es:0x4(%bx)
1.0,2,1008,0x2677,0x10ef7,FUN_1008_262e,FUN_1008_262e,26ff5f14,,,,False,,,,far-indirect,*%es:0x14(%bx)
1.0,2,1008,0x270f,0x10f8f,FUN_1008_2702,FUN_1008_2702,26ff9f9800,,,,False,,,,far-indirect,*%es:0x98(%bx)
1.0,2,1008,0x28b0,0x11130,FUN_1008_2892,FUN_1008_2892,ff1f,,,,False,,,,far-indirect,*(%bx)
1.0,2,1008,0x295b,0x111db,FUN_1008_292e,FUN_1008_292e,26ff9f9400,,,,False,,,,far-indirect,*%es:0x94(%bx)
1.0,2,1008,0x2ff5,0x11875,FUN_1008_2fd0,FUN_1008_2fd0,26ff5f40,,,,False,,,,far-indirect,*%es:0x40(%bx)
1.0,2,1008,0x3010,0x11890,FUN_1008_2fd0,FUN_1008_2fd0,26ff5f40,,,,False,,,,far-indirect,*%es:0x40(%bx)
1.0,2,1008,0x334c,0x11bcc,FUN_1008_3338,FUN_1008_3338,26ff5f70,,,,False,,,,far-indirect,*%es:0x70(%bx)
1.0,2,1008,0x3368,0x11be8,FUN_1008_3354,FUN_1008_3354,26ff5f70,,,,False,,,,far-indirect,*%es:0x70(%bx)
1.0,2,1008,0x3468,0x11ce8,FUN_1008_3370,FUN_1008_3370,26ff5f74,,,,False,,,,far-indirect,*%es:0x74(%bx)
1.0,2,1008,0x3849,0x120c9,FUN_1008_37ee,FUN_1008_37ee,ff1e1420,,,,False,,,,far-indirect,*0x2014
1.0,2,1008,0x385c,0x120dc,FUN_1008_37ee,FUN_1008_37ee,ff1e1420,,,,False,,,,far-indirect,*0x2014
1.0,2,1008,0x3974,0x121f4,FUN_1008_396b,FUN_1008_396b,ff1e1420,,,,False,,,,far-indirect,*0x2014
1.0,2,1008,0x39a2,0x12222,FUN_1008_3994,FUN_1008_3994,ff1d,,,,False,,,,far-indirect,*(%di)
1.0,2,1008,0x5af6,0x14376,FUN_1008_5ab0,FUN_1008_5ab0,ff1e4809,,,,False,,,,far-indirect,*0x948
1.0,2,1008,0x5cd9,0x14559,FUN_1008_5caf,FUN_1008_5caf,ffd7,,,,False,,,,near-indirect,*%di
1.0,2,1008,0x5d3c,0x145bc,FUN_1008_5caf,FUN_1008_5caf,ff1e4c09,,,,False,,,,far-indirect,*0x94c
1.0,2,1008,0x6880,0x15100,FUN_1008_676f,FUN_1008_676f,ff1e840a,,,,False,,,,far-indirect,*0xa84
1.0,2,1008,0x6d72,0x155f2,FUN_1008_6d4e,FUN_1008_6d4e,ff5e0c,,,,False,,,,far-indirect,*0xc(%bp)
1.0,2,1008,0x6df9,0x15679,FUN_1008_6d4e,FUN_1008_6d4e,36ff5d14,,,,False,,,,far-indirect,*%ss:0x14(%di)
1.0,2,1008,0x6e17,0x15697,FUN_1008_6d4e,FUN_1008_6d4e,36ff5d14,,,,False,,,,far-indirect,*%ss:0x14(%di)
1.0,2,1008,0x73b2,0x15c32,FUN_1008_739a,FUN_1008_739a,ff5e06,,,,False,,,,far-indirect,*0x6(%bp)
1.0,3,1010,0x1fb,0x1619b,FUN_1010_01d8,FUN_1010_01d8,ff5f04,,,,False,,,,far-indirect,*0x4(%bx)
1.0,3,1010,0x205,0x161a5,FUN_1010_01d8,FUN_1010_01d8,ff1f,,,,False,,,,far-indirect,*(%bx)
1.0,3,1010,0x22f,0x161cf,FUN_1010_020c,FUN_1010_020c,ff5f04,,,,False,,,,far-indirect,*0x4(%bx)
1.0,3,1010,0x239,0x161d9,FUN_1010_020c,FUN_1010_020c,ff1f,,,,False,,,,far-indirect,*(%bx)
1.0,3,1010,0x259,0x161f9,FUN_1010_0240,FUN_1010_0240,ff5f04,,,,False,,,,far-indirect,*0x4(%bx)
1.0,3,1010,0x27f,0x1621f,FUN_1010_0266,FUN_1010_0266,ff5f04,,,,False,,,,far-indirect,*0x4(%bx)
1.0,3,1010,0x2af,0x1624f,FUN_1010_028c,FUN_1010_028c,ff5f04,,,,False,,,,far-indirect,*0x4(%bx)
1.0,3,1010,0x2b6,0x16256,FUN_1010_028c,FUN_1010_028c,ff1d,,,,False,,,,far-indirect,*(%di)
1.0,3,1010,0x2e1,0x16281,FUN_1010_02be,FUN_1010_02be,ff5f04,,,,False,,,,far-indirect,*0x4(%bx)
1.0,3,1010,0x2e8,0x16288,FUN_1010_02be,FUN_1010_02be,ff1d,,,,False,,,,far-indirect,*(%di)
1.0,3,1010,0x313,0x162b3,FUN_1010_02f0,FUN_1010_02f0,ff5f04,,,,False,,,,far-indirect,*0x4(%bx)
1.0,3,1010,0x31a,0x162ba,FUN_1010_02f0,FUN_1010_02f0,ff1d,,,,False,,,,far-indirect,*(%di)
1.0,3,1010,0x345,0x162e5,FUN_1010_0322,FUN_1010_0322,ff5f04,,,,False,,,,far-indirect,*0x4(%bx)
1.0,3,1010,0x34c,0x162ec,FUN_1010_0322,FUN_1010_0322,ff1d,,,,False,,,,far-indirect,*(%di)
1.0,3,1010,0x371,0x16311,FUN_1010_0354,FUN_1010_0354,ff1f,,,,False,,,,far-indirect,*(%bx)
1.0,3,1010,0x391,0x16331,FUN_1010_0378,FUN_1010_0378,ff1f,,,,False,,,,far-indirect,*(%bx)
1.0,3,1010,0x3b5,0x16355,FUN_1010_0398,FUN_1010_0398,ff1f,,,,False,,,,far-indirect,*(%bx)
1.0,3,1010,0xaf1,0x16a91,FUN_1010_0ace,FUN_1010_0ace,ff5f08,,,,False,,,,far-indirect,*0x8(%bx)
1.0,3,1010,0xb1b,0x16abb,FUN_1010_0af8,FUN_1010_0af8,ff5f08,,,,False,,,,far-indirect,*0x8(%bx)
1.0,4,1018,0x2b4b,0x27d8b,FUN_1018_29f8,FUN_1018_29f8,26ff5f06,,,,False,,,,far-indirect,*%es:0x6(%bx)
1.3,1,1000,0x681,0xb41,FUN_1000_0676,FUN_1000_0676,26ff1f,,,,False,,,,far-indirect,*%es:(%bx)
1.3,1,1000,0x72e,0xbee,FUN_1000_071c,FUN_1000_071c,ff5c08,,,,False,,,,far-indirect,*0x8(%si)
1.3,1,1000,0xbc2,0x1082,FUN_1000_0baa,FUN_1000_0baa,26ff5f20,,,,False,,,,far-indirect,*%es:0x20(%bx)
1.3,1,1000,0x1218,0x16d8,FUN_1000_11ae,FUN_1000_11ae,26ff5f5c,,,,False,,,,far-indirect,*%es:0x5c(%bx)
1.3,1,1000,0x1264,0x1724,FUN_1000_11ae,FUN_1000_11ae,26ff5f58,,,,False,,,,far-indirect,*%es:0x58(%bx)
1.3,1,1000,0x12c4,0x1784,FUN_1000_12aa,FUN_1000_12aa,26ff5f5c,,,,False,,,,far-indirect,*%es:0x5c(%bx)
1.3,1,1000,0x1562,0x1a22,FUN_1000_14ec,FUN_1000_14ec,26ff5f38,,,,False,,,,far-indirect,*%es:0x38(%bx)
1.3,1,1000,0x156d,0x1a2d,FUN_1000_14ec,FUN_1000_14ec,26ff5f60,,,,False,,,,far-indirect,*%es:0x60(%bx)
1.3,1,1000,0x15c1,0x1a81,FUN_1000_14ec,FUN_1000_14ec,26ff5f60,,,,False,,,,far-indirect,*%es:0x60(%bx)
1.3,1,1000,0x1919,0x1dd9,FUN_1000_18cc,FUN_1000_18cc,26ff5f18,,,,False,,,,far-indirect,*%es:0x18(%bx)
1.3,1,1000,0x1a18,0x1ed8,FUN_1000_1a06,FUN_1000_1a06,26ff5f68,,,,False,,,,far-indirect,*%es:0x68(%bx)
1.3,1,1000,0x1a26,0x1ee6,FUN_1000_1a06,FUN_1000_1a06,26ff9f9c00,,,,False,,,,far-indirect,*%es:0x9c(%bx)
1.3,1,1000,0x1b5c,0x201c,FUN_1000_1b3e,FUN_1000_1b3e,26ff5f48,,,,False,,,,far-indirect,*%es:0x48(%bx)
1.3,1,1000,0x1b72,0x2032,FUN_1000_1b3e,FUN_1000_1b3e,26ff5f1c,,,,False,,,,far-indirect,*%es:0x1c(%bx)
1.3,1,1000,0x1d67,0x2227,FUN_1000_1b3e,FUN_1000_1b3e,ff5ef4,,,,False,,,,far-indirect,*-0xc(%bp)
1.3,1,1000,0x1e7d,0x233d,FUN_1000_1b3e,FUN_1000_1b3e,26ff5f5c,,,,False,,,,far-indirect,*%es:0x5c(%bx)
1.3,1,1000,0x1f4a,0x240a,FUN_1000_1f1a,FUN_1000_1f1a,26ff5f68,,,,False,,,,far-indirect,*%es:0x68(%bx)
1.3,1,1000,0x1fc9,0x2489,FUN_1000_1fb0,FUN_1000_1fb0,26ff5f68,,,,False,,,,far-indirect,*%es:0x68(%bx)
1.3,1,1000,0x2118,0x25d8,FUN_1000_2108,FUN_1000_2108,26ff5f40,,,,False,,,,far-indirect,*%es:0x40(%bx)
1.3,1,1000,0x214e,0x260e,FUN_1000_213e,FUN_1000_213e,26ff5f40,,,,False,,,,far-indirect,*%es:0x40(%bx)
1.3,1,1000,0x217c,0x263c,FUN_1000_216e,FUN_1000_216e,26ff5f40,,,,False,,,,far-indirect,*%es:0x40(%bx)
1.3,1,1000,0x21b8,0x2678,FUN_1000_21aa,FUN_1000_21aa,26ff5f40,,,,False,,,,far-indirect,*%es:0x40(%bx)
1.3,1,1000,0x2217,0x26d7,FUN_1000_21e8,FUN_1000_21e8,26ff5f40,,,,False,,,,far-indirect,*%es:0x40(%bx)
1.3,1,1000,0x2357,0x2817,FUN_1000_2242,FUN_1000_2242,26ff5f3c,,,,False,,,,far-indirect,*%es:0x3c(%bx)
1.3,1,1000,0x249f,0x295f,FUN_1000_2482,FUN_1000_2482,26ff5f64,,,,False,,,,far-indirect,*%es:0x64(%bx)
1.3,1,1000,0x2597,0x2a57,FUN_1000_2550,FUN_1000_2550,26ff5f50,,,,False,,,,far-indirect,*%es:0x50(%bx)
1.3,1,1000,0x2862,0x2d22,FUN_1000_282c,FUN_1000_282c,ff9c8000,,,,False,,,,far-indirect,*0x80(%si)
1.3,1,1000,0x2870,0x2d30,FUN_1000_282c,FUN_1000_282c,ff9c8400,,,,False,,,,far-indirect,*0x84(%si)
1.3,1,1000,0x2a61,0x2f21,FUN_1000_2a12,FUN_1000_2a12,26ff5f04,,,,False,,,,far-indirect,*%es:0x4(%bx)
1.3,1,1000,0x2ab0,0x2f70,FUN_1000_2a7a,FUN_1000_2a7a,26ff5d38,,,,False,,,,far-indirect,*%es:0x38(%di)
1.3,1,1000,0x2ac6,0x2f86,FUN_1000_2a7a,FUN_1000_2a7a,26ff5d3c,,,,False,,,,far-indirect,*%es:0x3c(%di)
1.3,1,1000,0x2adc,0x2f9c,FUN_1000_2a7a,FUN_1000_2a7a,26ff5d40,,,,False,,,,far-indirect,*%es:0x40(%di)
1.3,1,1000,0x2af0,0x2fb0,FUN_1000_2a7a,FUN_1000_2a7a,26ff5d50,,,,False,,,,far-indirect,*%es:0x50(%di)
1.3,1,1000,0x2c9a,0x315a,FUN_1000_2c3c,FUN_1000_2c3c,26ff5f14,,,,False,,,,far-indirect,*%es:0x14(%bx)
1.3,1,1000,0x2cb9,0x3179,FUN_1000_2c3c,FUN_1000_2c3c,26ff5f14,,,,False,,,,far-indirect,*%es:0x14(%bx)
1.3,1,1000,0x2ed9,0x3399,FUN_1000_2eb4,FUN_1000_2eb4,26ff5d6c,,,,False,,,,far-indirect,*%es:0x6c(%di)
1.3,1,1000,0x2ef5,0x33b5,FUN_1000_2eb4,FUN_1000_2eb4,26ff5f14,,,,False,,,,far-indirect,*%es:0x14(%bx)
1.3,1,1000,0x2f1d,0x33dd,FUN_1000_2eb4,FUN_1000_2eb4,26ff5d14,,,,False,,,,far-indirect,*%es:0x14(%di)
1.3,1,1000,0x34f1,0x39b1,FUN_1000_34d0,FUN_1000_34d0,26ff5f1c,,,,False,,,,far-indirect,*%es:0x1c(%bx)
1.3,1,1000,0x357b,0x3a3b,FUN_1000_3504,FUN_1000_3504,ff5efa,,,,False,,,,far-indirect,*-0x6(%bp)
1.3,1,1000,0x3587,0x3a47,FUN_1000_3504,FUN_1000_3504,ff5efa,,,,False,,,,far-indirect,*-0x6(%bp)
1.3,1,1000,0x35a7,0x3a67,FUN_1000_3504,FUN_1000_3504,ff5efa,,,,False,,,,far-indirect,*-0x6(%bp)
1.3,1,1000,0x35c0,0x3a80,FUN_1000_35b4,FUN_1000_35b4,26ff5f1c,,,,False,,,,far-indirect,*%es:0x1c(%bx)
1.3,1,1000,0x3699,0x3b59,FUN_1000_3690,FUN_1000_3690,26ff5f60,,,,False,,,,far-indirect,*%es:0x60(%bx)
1.3,1,1000,0x36a9,0x3b69,FUN_1000_36a0,FUN_1000_36a0,26ff5f60,,,,False,,,,far-indirect,*%es:0x60(%bx)
1.3,1,1000,0x38de,0x3d9e,FUN_1000_38b6,FUN_1000_38b6,26ff5f14,,,,False,,,,far-indirect,*%es:0x14(%bx)
1.3,1,1000,0x3900,0x3dc0,FUN_1000_38b6,FUN_1000_38b6,26ff5f14,,,,False,,,,far-indirect,*%es:0x14(%bx)
1.3,1,1000,0x3908,0x3dc8,FUN_1000_38b6,FUN_1000_38b6,ff1f,,,,False,,,,far-indirect,*(%bx)
1.3,1,1000,0x39fc,0x3ebc,FUN_1000_39da,FUN_1000_39da,26ff5f44,,,,False,,,,far-indirect,*%es:0x44(%bx)
1.3,1,1000,0x3ae0,0x3fa0,FUN_1000_3ad4,FUN_1000_3ad4,26ff5f6c,,,,False,,,,far-indirect,*%es:0x6c(%bx)
1.3,1,1000,0x3b02,0x3fc2,FUN_1000_3ad4,FUN_1000_3ad4,26ff5f54,,,,False,,,,far-indirect,*%es:0x54(%bx)
1.3,1,1000,0x3b2b,0x3feb,FUN_1000_3ad4,FUN_1000_3ad4,26ff5f54,,,,False,,,,far-indirect,*%es:0x54(%bx)
1.3,1,1000,0x3d73,0x4233,FUN_1000_3d5e,FUN_1000_3d5e,26ff5f30,,,,False,,,,far-indirect,*%es:0x30(%bx)
1.3,1,1000,0x3e36,0x42f6,FUN_1000_3d5e,FUN_1000_3d5e,26ff5f60,,,,False,,,,far-indirect,*%es:0x60(%bx)
1.3,1,1000,0x3e72,0x4332,FUN_1000_3d5e,FUN_1000_3d5e,26ff5f34,,,,False,,,,far-indirect,*%es:0x34(%bx)
1.3,1,1000,0x4452,0x4912,FUN_1000_4432,FUN_1000_4432,26ff5f04,,,,False,,,,far-indirect,*%es:0x4(%bx)
1.3,1,1000,0x44d6,0x4996,FUN_1000_447e,FUN_1000_447e,26ff5f04,,,,False,,,,far-indirect,*%es:0x4(%bx)
1.3,1,1000,0x4510,0x49d0,FUN_1000_447e,FUN_1000_447e,ff5c08,,,,False,,,,far-indirect,*0x8(%si)
1.3,1,1000,0x4516,0x49d6,FUN_1000_4516,FUN_1000_4516,ff1e0e05,,,,False,,,,far-indirect,*0x50e
1.3,1,1000,0x4742,0x4c02,FUN_1000_4700,FUN_1000_4700,26ff5f04,,,,False,,,,far-indirect,*%es:0x4(%bx)
1.3,1,1000,0x48cc,0x4d8c,FUN_1000_486e,FUN_1000_486e,26ff5f30,,,,False,,,,far-indirect,*%es:0x30(%bx)
1.3,1,1000,0x4905,0x4dc5,FUN_1000_48e6,FUN_1000_48e6,26ff5f20,,,,False,,,,far-indirect,*%es:0x20(%bx)
1.3,1,1000,0x4930,0x4df0,FUN_1000_48e6,FUN_1000_48e6,26ff5f30,,,,False,,,,far-indirect,*%es:0x30(%bx)
1.3,1,1000,0x493a,0x4dfa,FUN_1000_48e6,FUN_1000_48e6,26ff5f40,,,,False,,,,far-indirect,*%es:0x40(%bx)
1.3,1,1000,0x5e6d,0x632d,FUN_1000_5d10,FUN_1000_5d10,ff1efa44,,,,False,,,,far-indirect,*0x44fa
1.3,1,1000,0x5fe9,0x64a9,FUN_1000_5fd4,FUN_1000_5fd4,ff9f8800,,,,False,,,,far-indirect,*0x88(%bx)
1.3,1,1000,0x5ffa,0x64ba,FUN_1000_5fd4,FUN_1000_5fd4,ff1efa44,,,,False,,,,far-indirect,*0x44fa
1.3,1,1000,0x66f8,0x6bb8,FUN_1000_66c8,FUN_1000_66c8,26ff5f34,,,,False,,,,far-indirect,*%es:0x34(%bx)
1.3,1,1000,0x6722,0x6be2,FUN_1000_66c8,FUN_1000_66c8,26ff5f70,,,,False,,,,far-indirect,*%es:0x70(%bx)
1.3,1,1000,0x672f,0x6bef,FUN_1000_66c8,FUN_1000_66c8,26ff5f68,,,,False,,,,far-indirect,*%es:0x68(%bx)
1.3,1,1000,0x6772,0x6c32,FUN_1000_6760,FUN_1000_6760,26ff5f04,,,,False,,,,far-indirect,*%es:0x4(%bx)
1.3,1,1000,0x68a2,0x6d62,FUN_1000_685a,FUN_1000_685a,26ff5f68,,,,False,,,,far-indirect,*%es:0x68(%bx)
1.3,1,1000,0x6a7e,0x6f3e,FUN_1000_6a34,FUN_1000_6a34,26ff5f30,,,,False,,,,far-indirect,*%es:0x30(%bx)
1.3,1,1000,0x6acf,0x6f8f,FUN_1000_6aac,FUN_1000_6aac,26ff9f8400,,,,False,,,,far-indirect,*%es:0x84(%bx)
1.3,1,1000,0x6af2,0x6fb2,FUN_1000_6aac,FUN_1000_6aac,26ff5f78,,,,False,,,,far-indirect,*%es:0x78(%bx)
1.3,1,1000,0x6e98,0x7358,FUN_1000_6e80,FUN_1000_6e80,26ff5f74,,,,False,,,,far-indirect,*%es:0x74(%bx)
1.3,1,1000,0x6ebb,0x737b,FUN_1000_6e80,FUN_1000_6e80,26ff9f9000,,,,False,,,,far-indirect,*%es:0x90(%bx)
1.3,1,1000,0x6ecd,0x738d,FUN_1000_6e80,FUN_1000_6e80,26ff9fb000,,,,False,,,,far-indirect,*%es:0xb0(%bx)
1.3,1,1000,0x6ef8,0x73b8,FUN_1000_6ee0,FUN_1000_6ee0,26ff5f38,,,,False,,,,far-indirect,*%es:0x38(%bx)
1.3,1,1000,0x6f08,0x73c8,FUN_1000_6ee0,FUN_1000_6ee0,26ff9c9c00,,,,False,,,,far-indirect,*%es:0x9c(%si)
1.3,1,1000,0x6f1e,0x73de,FUN_1000_6ee0,FUN_1000_6ee0,26ff5f74,,,,False,,,,far-indirect,*%es:0x74(%bx)
1.3,1,1000,0x6f35,0x73f5,FUN_1000_6ee0,FUN_1000_6ee0,26ff9f9000,,,,False,,,,far-indirect,*%es:0x90(%bx)
1.3,1,1000,0x7069,0x7529,FUN_1000_7046,FUN_1000_7046,26ff5d4c,,,,False,,,,far-indirect,*%es:0x4c(%di)
1.3,1,1000,0x71bd,0x767d,FUN_1000_7192,FUN_1000_7192,26ff9f9000,,,,False,,,,far-indirect,*%es:0x90(%bx)
1.3,1,1000,0x71de,0x769e,FUN_1000_7192,FUN_1000_7192,26ff9f9000,,,,False,,,,far-indirect,*%es:0x90(%bx)
1.3,1,1000,0x7544,0x7a04,FUN_1000_7502,FUN_1000_7502,ff5f04,,,,False,,,,far-indirect,*0x4(%bx)
1.3,1,1000,0x75d8,0x7a98,FUN_1000_75a2,FUN_1000_75a2,ff1f,,,,False,,,,far-indirect,*(%bx)
1.3,1,1000,0x7929,0x7de9,FUN_1000_7916,FUN_1000_7916,26ff9f9000,,,,False,,,,far-indirect,*%es:0x90(%bx)
1.3,1,1000,0x7939,0x7df9,FUN_1000_7916,FUN_1000_7916,26ff9f8c00,,,,False,,,,far-indirect,*%es:0x8c(%bx)
1.3,1,1000,0x794e,0x7e0e,FUN_1000_7916,FUN_1000_7916,26ff5f78,,,,False,,,,far-indirect,*%es:0x78(%bx)
1.3,1,1000,0x79a3,0x7e63,FUN_1000_798a,FUN_1000_798a,26ff5f30,,,,False,,,,far-indirect,*%es:0x30(%bx)
1.3,1,1000,0x7af0,0x7fb0,FUN_1000_7ad8,FUN_1000_7ad8,26ff5f78,,,,False,,,,far-indirect,*%es:0x78(%bx)
1.3,1,1000,0x7e55,0x8315,FUN_1000_7e24,FUN_1000_7e24,26ff5f14,,,,False,,,,far-indirect,*%es:0x14(%bx)
1.3,1,1000,0x832e,0x87ee,FUN_1000_81aa,FUN_1000_81aa,26ff5f54,,,,False,,,,far-indirect,*%es:0x54(%bx)
1.3,1,1000,0x83c6,0x8886,FUN_1000_83ae,FUN_1000_83ae,26ff5f04,,,,False,,,,far-indirect,*%es:0x4(%bx)
1.3,1,1000,0x9997,0x9e57,FUN_1000_9984,FUN_1000_9984,26ff9f8000,,,,False,,,,far-indirect,*%es:0x80(%bx)
1.3,1,1000,0x9a3e,0x9efe,FUN_1000_9a2c,FUN_1000_9a2c,26ff9f8400,,,,False,,,,far-indirect,*%es:0x84(%bx)
1.3,1,1000,0x9aca,0x9f8a,FUN_1000_9ab6,FUN_1000_9ab6,26ff9f8400,,,,False,,,,far-indirect,*%es:0x84(%bx)
1.3,1,1000,0x9b68,0xa028,FUN_1000_9af8,FUN_1000_9af8,26ff9f8400,,,,False,,,,far-indirect,*%es:0x84(%bx)
1.3,1,1000,0x9bda,0xa09a,FUN_1000_9b90,FUN_1000_9b90,26ff9f8400,,,,False,,,,far-indirect,*%es:0x84(%bx)
1.3,1,1000,0xa0c3,0xa583,FUN_1000_a0a0,FUN_1000_a0a0,26ff5f54,,,,False,,,,far-indirect,*%es:0x54(%bx)
1.3,1,1000,0xa0f9,0xa5b9,FUN_1000_a0d6,FUN_1000_a0d6,26ff5f58,,,,False,,,,far-indirect,*%es:0x58(%bx)
1.3,1,1000,0xa1cc,0xa68c,FUN_1000_a19e,FUN_1000_a19e,26ff5d6c,,,,False,,,,far-indirect,*%es:0x6c(%di)
1.3,1,1000,0xa205,0xa6c5,FUN_1000_a1fa,FUN_1000_a1fa,26ff5f6c,,,,False,,,,far-indirect,*%es:0x6c(%bx)
1.3,1,1000,0xa212,0xa6d2,FUN_1000_a1fa,FUN_1000_a1fa,26ff5f68,,,,False,,,,far-indirect,*%es:0x68(%bx)
1.3,1,1000,0xa22b,0xa6eb,FUN_1000_a1fa,FUN_1000_a1fa,26ff5f44,,,,False,,,,far-indirect,*%es:0x44(%bx)
1.3,1,1000,0xa370,0xa830,FUN_1000_a330,FUN_1000_a330,26ff5d54,,,,False,,,,far-indirect,*%es:0x54(%di)
1.3,1,1000,0xa68d,0xab4d,FUN_1000_a62c,FUN_1000_a62c,26ff5f40,,,,False,,,,far-indirect,*%es:0x40(%bx)
1.3,1,1000,0xa862,0xad22,FUN_1000_a830,FUN_1000_a830,26ff5f30,,,,False,,,,far-indirect,*%es:0x30(%bx)
1.3,1,1000,0xa898,0xad58,FUN_1000_a874,FUN_1000_a874,26ff5f40,,,,False,,,,far-indirect,*%es:0x40(%bx)
1.3,1,1000,0xa8b5,0xad75,FUN_1000_a874,FUN_1000_a874,26ff5f40,,,,False,,,,far-indirect,*%es:0x40(%bx)
1.3,1,1000,0xaa70,0xaf30,FUN_1000_a952,FUN_1000_a952,26ff5f6c,,,,False,,,,far-indirect,*%es:0x6c(%bx)
1.3,1,1000,0xb09b,0xb55b,FUN_1000_b07e,FUN_1000_b07e,26ff5f2c,,,,False,,,,far-indirect,*%es:0x2c(%bx)
1.3,1,1000,0xc4a7,0xc967,FUN_1000_c494,FUN_1000_c494,26ff5f04,,,,False,,,,far-indirect,*%es:0x4(%bx)
1.3,1,1000,0xc7ed,0xccad,FUN_1000_c7b2,FUN_1000_c7b2,26ff5f04,,,,False,,,,far-indirect,*%es:0x4(%bx)
1.3,1,1000,0xc8c6,0xcd86,FUN_1000_c84a,FUN_1000_c84a,26ff9f9c00,,,,False,,,,far-indirect,*%es:0x9c(%bx)
1.3,1,1000,0xc8fb,0xcdbb,FUN_1000_c84a,FUN_1000_c84a,26ff5f14,,,,False,,,,far-indirect,*%es:0x14(%bx)
1.3,1,1000,0xc914,0xcdd4,FUN_1000_c84a,FUN_1000_c84a,26ff5d24,,,,False,,,,far-indirect,*%es:0x24(%di)
1.3,1,1000,0xc929,0xcde9,FUN_1000_c84a,FUN_1000_c84a,26ff5f18,,,,False,,,,far-indirect,*%es:0x18(%bx)
1.3,1,1000,0xc93a,0xcdfa,FUN_1000_c84a,FUN_1000_c84a,26ff9fa000,,,,False,,,,far-indirect,*%es:0xa0(%bx)
1.3,1,1000,0xc945,0xce05,FUN_1000_c84a,FUN_1000_c84a,26ff5f20,,,,False,,,,far-indirect,*%es:0x20(%bx)
1.3,1,1000,0xc95b,0xce1b,FUN_1000_c84a,FUN_1000_c84a,26ff5f28,,,,False,,,,far-indirect,*%es:0x28(%bx)
1.3,1,1000,0xd8ba,0xdd7a,FUN_1000_d878,FUN_1000_d878,ff5f0c,,,,False,,,,far-indirect,*0xc(%bx)
1.3,1,1000,0xd8c0,0xdd80,FUN_1000_d878,FUN_1000_d878,ff1c,,,,False,,,,far-indirect,*(%si)
1.3,1,1000,0xd8d5,0xdd95,FUN_1000_d878,FUN_1000_d878,ff1f,,,,False,,,,far-indirect,*(%bx)
1.3,1,1000,0xd93a,0xddfa,FUN_1000_d912,FUN_1000_d912,ff1f,,,,False,,,,far-indirect,*(%bx)
1.3,1,1000,0xd95d,0xde1d,FUN_1000_d942,FUN_1000_d942,ff1f,,,,False,,,,far-indirect,*(%bx)
1.3,1,1000,0xd979,0xde39,FUN_1000_d964,FUN_1000_d964,ff1f,,,,False,,,,far-indirect,*(%bx)
1.3,1,1000,0xdc03,0xe0c3,FUN_1000_dbd8,FUN_1000_dbd8,26ff5f6c,,,,False,,,,far-indirect,*%es:0x6c(%bx)
1.3,1,1000,0xdc71,0xe131,FUN_1000_dbd8,FUN_1000_dbd8,26ff5f6c,,,,False,,,,far-indirect,*%es:0x6c(%bx)
1.3,2,1008,0x30a,0xeb8a,FUN_1008_02e2,FUN_1008_02e2,26ff5f14,,,,False,,,,far-indirect,*%es:0x14(%bx)
1.3,2,1008,0x331,0xebb1,FUN_1008_0316,FUN_1008_0316,26ff5f1c,,,,False,,,,far-indirect,*%es:0x1c(%bx)
1.3,2,1008,0x1478,0xfcf8,FUN_1008_146c,FUN_1008_146c,26ff5f38,,,,False,,,,far-indirect,*%es:0x38(%bx)
1.3,2,1008,0x1488,0xfd08,FUN_1008_146c,FUN_1008_146c,26ff5f3c,,,,False,,,,far-indirect,*%es:0x3c(%bx)
1.3,2,1008,0x14cd,0xfd4d,FUN_1008_146c,FUN_1008_146c,26ff5f38,,,,False,,,,far-indirect,*%es:0x38(%bx)
1.3,2,1008,0x14dd,0xfd5d,FUN_1008_146c,FUN_1008_146c,26ff5f3c,,,,False,,,,far-indirect,*%es:0x3c(%bx)
1.3,2,1008,0x152a,0xfdaa,FUN_1008_146c,FUN_1008_146c,26ff5f38,,,,False,,,,far-indirect,*%es:0x38(%bx)
1.3,2,1008,0x1542,0xfdc2,FUN_1008_146c,FUN_1008_146c,26ff5f3c,,,,False,,,,far-indirect,*%es:0x3c(%bx)
1.3,2,1008,0x1589,0xfe09,FUN_1008_146c,FUN_1008_146c,26ff9f8c00,,,,False,,,,far-indirect,*%es:0x8c(%bx)
1.3,2,1008,0x164c,0xfecc,FUN_1008_1642,FUN_1008_1642,26ff5f60,,,,False,,,,far-indirect,*%es:0x60(%bx)
1.3,2,1008,0x1657,0xfed7,FUN_1008_1642,FUN_1008_1642,26ff5f54,,,,False,,,,far-indirect,*%es:0x54(%bx)
1.3,2,1008,0x1730,0xffb0,FUN_1008_16a0,FUN_1008_16a0,26ff5f40,,,,False,,,,far-indirect,*%es:0x40(%bx)
1.3,2,1008,0x178d,0x1000d,FUN_1008_16a0,FUN_1008_16a0,26ff5f50,,,,False,,,,far-indirect,*%es:0x50(%bx)
1.3,2,1008,0x17e3,0x10063,FUN_1008_16a0,FUN_1008_16a0,26ff5f34,,,,False,,,,far-indirect,*%es:0x34(%bx)
1.3,2,1008,0x1d03,0x10583,FUN_1008_1ce8,FUN_1008_1ce8,26ff5f40,,,,False,,,,far-indirect,*%es:0x40(%bx)
1.3,2,1008,0x1d3a,0x105ba,FUN_1008_1d0e,FUN_1008_1d0e,26ff5f40,,,,False,,,,far-indirect,*%es:0x40(%bx)
1.3,2,1008,0x1daa,0x1062a,FUN_1008_1d70,FUN_1008_1d70,26ff5f14,,,,False,,,,far-indirect,*%es:0x14(%bx)
1.3,2,1008,0x2056,0x108d6,FUN_1008_1ffe,FUN_1008_1ffe,26ff5f6c,,,,False,,,,far-indirect,*%es:0x6c(%bx)
1.3,2,1008,0x20d7,0x10957,FUN_1008_2066,FUN_1008_2066,26ff9fb000,,,,False,,,,far-indirect,*%es:0xb0(%bx)
1.3,2,1008,0x20ef,0x1096f,FUN_1008_2066,FUN_1008_2066,26ff5f7c,,,,False,,,,far-indirect,*%es:0x7c(%bx)
1.3,2,1008,0x2103,0x10983,FUN_1008_2066,FUN_1008_2066,26ff9f9000,,,,False,,,,far-indirect,*%es:0x90(%bx)
1.3,2,1008,0x211b,0x1099b,FUN_1008_2066,FUN_1008_2066,26ff9f8c00,,,,False,,,,far-indirect,*%es:0x8c(%bx)
1.3,2,1008,0x216e,0x109ee,FUN_1008_2162,FUN_1008_2162,26ff5f30,,,,False,,,,far-indirect,*%es:0x30(%bx)
1.3,2,1008,0x217e,0x109fe,FUN_1008_2162,FUN_1008_2162,26ff5f34,,,,False,,,,far-indirect,*%es:0x34(%bx)
1.3,2,1008,0x2193,0x10a13,FUN_1008_2162,FUN_1008_2162,26ff5f54,,,,False,,,,far-indirect,*%es:0x54(%bx)
1.3,2,1008,0x22e5,0x10b65,FUN_1008_22c6,FUN_1008_22c6,26ff5f60,,,,False,,,,far-indirect,*%es:0x60(%bx)
1.3,2,1008,0x2301,0x10b81,FUN_1008_22c6,FUN_1008_22c6,26ff5f48,,,,False,,,,far-indirect,*%es:0x48(%bx)
1.3,2,1008,0x2334,0x10bb4,FUN_1008_22c6,FUN_1008_22c6,26ff5f4c,,,,False,,,,far-indirect,*%es:0x4c(%bx)
1.3,2,1008,0x235b,0x10bdb,FUN_1008_22c6,FUN_1008_22c6,26ff5f04,,,,False,,,,far-indirect,*%es:0x4(%bx)
1.3,2,1008,0x237c,0x10bfc,FUN_1008_22c6,FUN_1008_22c6,26ff5f40,,,,False,,,,far-indirect,*%es:0x40(%bx)
1.3,2,1008,0x239c,0x10c1c,FUN_1008_22c6,FUN_1008_22c6,26ff5f30,,,,False,,,,far-indirect,*%es:0x30(%bx)
1.3,2,1008,0x23a3,0x10c23,FUN_1008_22c6,FUN_1008_22c6,26ff5f48,,,,False,,,,far-indirect,*%es:0x48(%bx)
1.3,2,1008,0x23b6,0x10c36,FUN_1008_22c6,FUN_1008_22c6,26ff5f34,,,,False,,,,far-indirect,*%es:0x34(%bx)
1.3,2,1008,0x23ef,0x10c6f,FUN_1008_22c6,FUN_1008_22c6,26ff5f4c,,,,False,,,,far-indirect,*%es:0x4c(%bx)
1.3,2,1008,0x2402,0x10c82,FUN_1008_22c6,FUN_1008_22c6,26ff5f34,,,,False,,,,far-indirect,*%es:0x34(%bx)
1.3,2,1008,0x2427,0x10ca7,FUN_1008_22c6,FUN_1008_22c6,26ff5f40,,,,False,,,,far-indirect,*%es:0x40(%bx)
1.3,2,1008,0x244d,0x10ccd,FUN_1008_22c6,FUN_1008_22c6,26ff5f30,,,,False,,,,far-indirect,*%es:0x30(%bx)
1.3,2,1008,0x2455,0x10cd5,FUN_1008_22c6,FUN_1008_22c6,26ff5f48,,,,False,,,,far-indirect,*%es:0x48(%bx)
1.3,2,1008,0x2473,0x10cf3,FUN_1008_22c6,FUN_1008_22c6,26ff5f34,,,,False,,,,far-indirect,*%es:0x34(%bx)
1.3,2,1008,0x249d,0x10d1d,FUN_1008_22c6,FUN_1008_22c6,26ff5f50,,,,False,,,,far-indirect,*%es:0x50(%bx)
1.3,2,1008,0x25be,0x10e3e,FUN_1008_25ac,FUN_1008_25ac,26ff5f04,,,,False,,,,far-indirect,*%es:0x4(%bx)
1.3,2,1008,0x2677,0x10ef7,FUN_1008_262e,FUN_1008_262e,26ff5f14,,,,False,,,,far-indirect,*%es:0x14(%bx)
1.3,2,1008,0x270f,0x10f8f,FUN_1008_2702,FUN_1008_2702,26ff9f9800,,,,False,,,,far-indirect,*%es:0x98(%bx)
1.3,2,1008,0x28b0,0x11130,FUN_1008_2892,FUN_1008_2892,ff1f,,,,False,,,,far-indirect,*(%bx)
1.3,2,1008,0x295b,0x111db,FUN_1008_292e,FUN_1008_292e,26ff9f9400,,,,False,,,,far-indirect,*%es:0x94(%bx)
1.3,2,1008,0x2ff5,0x11875,FUN_1008_2fd0,FUN_1008_2fd0,26ff5f40,,,,False,,,,far-indirect,*%es:0x40(%bx)
1.3,2,1008,0x3010,0x11890,FUN_1008_2fd0,FUN_1008_2fd0,26ff5f40,,,,False,,,,far-indirect,*%es:0x40(%bx)
1.3,2,1008,0x334c,0x11bcc,FUN_1008_3338,FUN_1008_3338,26ff5f70,,,,False,,,,far-indirect,*%es:0x70(%bx)
1.3,2,1008,0x3368,0x11be8,FUN_1008_3354,FUN_1008_3354,26ff5f70,,,,False,,,,far-indirect,*%es:0x70(%bx)
1.3,2,1008,0x3468,0x11ce8,FUN_1008_3370,FUN_1008_3370,26ff5f74,,,,False,,,,far-indirect,*%es:0x74(%bx)
1.3,2,1008,0x3849,0x120c9,FUN_1008_37ee,FUN_1008_37ee,ff1e1420,,,,False,,,,far-indirect,*0x2014
1.3,2,1008,0x385c,0x120dc,FUN_1008_37ee,FUN_1008_37ee,ff1e1420,,,,False,,,,far-indirect,*0x2014
1.3,2,1008,0x3974,0x121f4,FUN_1008_396b,FUN_1008_396b,ff1e1420,,,,False,,,,far-indirect,*0x2014
1.3,2,1008,0x39a2,0x12222,FUN_1008_3994,FUN_1008_3994,ff1d,,,,False,,,,far-indirect,*(%di)
1.3,2,1008,0x5af6,0x14376,FUN_1008_5ab0,FUN_1008_5ab0,ff1e4809,,,,False,,,,far-indirect,*0x948
1.3,2,1008,0x5cd9,0x14559,FUN_1008_5caf,FUN_1008_5caf,ffd7,,,,False,,,,near-indirect,*%di
1.3,2,1008,0x5d3c,0x145bc,FUN_1008_5caf,FUN_1008_5caf,ff1e4c09,,,,False,,,,far-indirect,*0x94c
1.3,2,1008,0x6880,0x15100,FUN_1008_676f,FUN_1008_676f,ff1e840a,,,,False,,,,far-indirect,*0xa84
1.3,2,1008,0x6d72,0x155f2,FUN_1008_6d4e,FUN_1008_6d4e,ff5e0c,,,,False,,,,far-indirect,*0xc(%bp)
1.3,2,1008,0x6df9,0x15679,FUN_1008_6d4e,FUN_1008_6d4e,36ff5d14,,,,False,,,,far-indirect,*%ss:0x14(%di)
1.3,2,1008,0x6e17,0x15697,FUN_1008_6d4e,FUN_1008_6d4e,36ff5d14,,,,False,,,,far-indirect,*%ss:0x14(%di)
1.3,2,1008,0x73b2,0x15c32,FUN_1008_739a,FUN_1008_739a,ff5e06,,,,False,,,,far-indirect,*0x6(%bp)
1.3,3,1010,0x1fb,0x1619b,FUN_1010_01d8,FUN_1010_01d8,ff5f04,,,,False,,,,far-indirect,*0x4(%bx)
1.3,3,1010,0x205,0x161a5,FUN_1010_01d8,FUN_1010_01d8,ff1f,,,,False,,,,far-indirect,*(%bx)
1.3,3,1010,0x22f,0x161cf,FUN_1010_020c,FUN_1010_020c,ff5f04,,,,False,,,,far-indirect,*0x4(%bx)
1.3,3,1010,0x239,0x161d9,FUN_1010_020c,FUN_1010_020c,ff1f,,,,False,,,,far-indirect,*(%bx)
1.3,3,1010,0x259,0x161f9,FUN_1010_0240,FUN_1010_0240,ff5f04,,,,False,,,,far-indirect,*0x4(%bx)
1.3,3,1010,0x27f,0x1621f,FUN_1010_0266,FUN_1010_0266,ff5f04,,,,False,,,,far-indirect,*0x4(%bx)
1.3,3,1010,0x2af,0x1624f,FUN_1010_028c,FUN_1010_028c,ff5f04,,,,False,,,,far-indirect,*0x4(%bx)
1.3,3,1010,0x2b6,0x16256,FUN_1010_028c,FUN_1010_028c,ff1d,,,,False,,,,far-indirect,*(%di)
1.3,3,1010,0x2e1,0x16281,FUN_1010_02be,FUN_1010_02be,ff5f04,,,,False,,,,far-indirect,*0x4(%bx)
1.3,3,1010,0x2e8,0x16288,FUN_1010_02be,FUN_1010_02be,ff1d,,,,False,,,,far-indirect,*(%di)
1.3,3,1010,0x313,0x162b3,FUN_1010_02f0,FUN_1010_02f0,ff5f04,,,,False,,,,far-indirect,*0x4(%bx)
1.3,3,1010,0x31a,0x162ba,FUN_1010_02f0,FUN_1010_02f0,ff1d,,,,False,,,,far-indirect,*(%di)
1.3,3,1010,0x345,0x162e5,FUN_1010_0322,FUN_1010_0322,ff5f04,,,,False,,,,far-indirect,*0x4(%bx)
1.3,3,1010,0x34c,0x162ec,FUN_1010_0322,FUN_1010_0322,ff1d,,,,False,,,,far-indirect,*(%di)
1.3,3,1010,0x371,0x16311,FUN_1010_0354,FUN_1010_0354,ff1f,,,,False,,,,far-indirect,*(%bx)
1.3,3,1010,0x391,0x16331,FUN_1010_0378,FUN_1010_0378,ff1f,,,,False,,,,far-indirect,*(%bx)
1.3,3,1010,0x3b5,0x16355,FUN_1010_0398,FUN_1010_0398,ff1f,,,,False,,,,far-indirect,*(%bx)
1.3,3,1010,0xaf5,0x16a95,FUN_1010_0ad2,FUN_1010_0ace,ff5f08,,,,False,,,,far-indirect,*0x8(%bx)
1.3,3,1010,0xb1f,0x16abf,FUN_1010_0afc,FUN_1010_0af8,ff5f08,,,,False,,,,far-indirect,*0x8(%bx)
1.3,4,1018,0x2bef,0x27e0f,FUN_1018_2a9c,FUN_1018_29f8,26ff5f06,,,,False,,,,far-indirect,*%es:0x6(%bx)
1.6,1,1000,0x681,0xb41,FUN_1000_0676,FUN_1000_0676,26ff1f,,,,False,,,,far-indirect,*%es:(%bx)
1.6,1,1000,0x72e,0xbee,FUN_1000_071c,FUN_1000_071c,ff5c08,,,,False,,,,far-indirect,*0x8(%si)
1.6,1,1000,0xbc2,0x1082,FUN_1000_0baa,FUN_1000_0baa,26ff5f20,,,,False,,,,far-indirect,*%es:0x20(%bx)
1.6,1,1000,0x1218,0x16d8,FUN_1000_11ae,FUN_1000_11ae,26ff5f5c,,,,False,,,,far-indirect,*%es:0x5c(%bx)
1.6,1,1000,0x1264,0x1724,FUN_1000_11ae,FUN_1000_11ae,26ff5f58,,,,False,,,,far-indirect,*%es:0x58(%bx)
1.6,1,1000,0x12c4,0x1784,FUN_1000_12aa,FUN_1000_12aa,26ff5f5c,,,,False,,,,far-indirect,*%es:0x5c(%bx)
1.6,1,1000,0x1562,0x1a22,FUN_1000_14ec,FUN_1000_14ec,26ff5f38,,,,False,,,,far-indirect,*%es:0x38(%bx)
1.6,1,1000,0x156d,0x1a2d,FUN_1000_14ec,FUN_1000_14ec,26ff5f60,,,,False,,,,far-indirect,*%es:0x60(%bx)
1.6,1,1000,0x15c1,0x1a81,FUN_1000_14ec,FUN_1000_14ec,26ff5f60,,,,False,,,,far-indirect,*%es:0x60(%bx)
1.6,1,1000,0x1919,0x1dd9,FUN_1000_18cc,FUN_1000_18cc,26ff5f18,,,,False,,,,far-indirect,*%es:0x18(%bx)
1.6,1,1000,0x1a18,0x1ed8,FUN_1000_1a06,FUN_1000_1a06,26ff5f68,,,,False,,,,far-indirect,*%es:0x68(%bx)
1.6,1,1000,0x1a26,0x1ee6,FUN_1000_1a06,FUN_1000_1a06,26ff9f9c00,,,,False,,,,far-indirect,*%es:0x9c(%bx)
1.6,1,1000,0x1b5c,0x201c,FUN_1000_1b3e,FUN_1000_1b3e,26ff5f48,,,,False,,,,far-indirect,*%es:0x48(%bx)
1.6,1,1000,0x1b72,0x2032,FUN_1000_1b3e,FUN_1000_1b3e,26ff5f1c,,,,False,,,,far-indirect,*%es:0x1c(%bx)
1.6,1,1000,0x1d67,0x2227,FUN_1000_1b3e,FUN_1000_1b3e,ff5ef4,,,,False,,,,far-indirect,*-0xc(%bp)
1.6,1,1000,0x1e7d,0x233d,FUN_1000_1b3e,FUN_1000_1b3e,26ff5f5c,,,,False,,,,far-indirect,*%es:0x5c(%bx)
1.6,1,1000,0x1f4a,0x240a,FUN_1000_1f1a,FUN_1000_1f1a,26ff5f68,,,,False,,,,far-indirect,*%es:0x68(%bx)
1.6,1,1000,0x1fc9,0x2489,FUN_1000_1fb0,FUN_1000_1fb0,26ff5f68,,,,False,,,,far-indirect,*%es:0x68(%bx)
1.6,1,1000,0x2118,0x25d8,FUN_1000_2108,FUN_1000_2108,26ff5f40,,,,False,,,,far-indirect,*%es:0x40(%bx)
1.6,1,1000,0x214e,0x260e,FUN_1000_213e,FUN_1000_213e,26ff5f40,,,,False,,,,far-indirect,*%es:0x40(%bx)
1.6,1,1000,0x217c,0x263c,FUN_1000_216e,FUN_1000_216e,26ff5f40,,,,False,,,,far-indirect,*%es:0x40(%bx)
1.6,1,1000,0x21b8,0x2678,FUN_1000_21aa,FUN_1000_21aa,26ff5f40,,,,False,,,,far-indirect,*%es:0x40(%bx)
1.6,1,1000,0x2217,0x26d7,FUN_1000_21e8,FUN_1000_21e8,26ff5f40,,,,False,,,,far-indirect,*%es:0x40(%bx)
1.6,1,1000,0x2357,0x2817,FUN_1000_2242,FUN_1000_2242,26ff5f3c,,,,False,,,,far-indirect,*%es:0x3c(%bx)
1.6,1,1000,0x249f,0x295f,FUN_1000_2482,FUN_1000_2482,26ff5f64,,,,False,,,,far-indirect,*%es:0x64(%bx)
1.6,1,1000,0x2597,0x2a57,FUN_1000_2550,FUN_1000_2550,26ff5f50,,,,False,,,,far-indirect,*%es:0x50(%bx)
1.6,1,1000,0x2862,0x2d22,FUN_1000_282c,FUN_1000_282c,ff9c8000,,,,False,,,,far-indirect,*0x80(%si)
1.6,1,1000,0x2870,0x2d30,FUN_1000_282c,FUN_1000_282c,ff9c8400,,,,False,,,,far-indirect,*0x84(%si)
1.6,1,1000,0x2a61,0x2f21,FUN_1000_2a12,FUN_1000_2a12,26ff5f04,,,,False,,,,far-indirect,*%es:0x4(%bx)
1.6,1,1000,0x2ab0,0x2f70,FUN_1000_2a7a,FUN_1000_2a7a,26ff5d38,,,,False,,,,far-indirect,*%es:0x38(%di)
1.6,1,1000,0x2ac6,0x2f86,FUN_1000_2a7a,FUN_1000_2a7a,26ff5d3c,,,,False,,,,far-indirect,*%es:0x3c(%di)
1.6,1,1000,0x2adc,0x2f9c,FUN_1000_2a7a,FUN_1000_2a7a,26ff5d40,,,,False,,,,far-indirect,*%es:0x40(%di)
1.6,1,1000,0x2af0,0x2fb0,FUN_1000_2a7a,FUN_1000_2a7a,26ff5d50,,,,False,,,,far-indirect,*%es:0x50(%di)
1.6,1,1000,0x2c9a,0x315a,FUN_1000_2c3c,FUN_1000_2c3c,26ff5f14,,,,False,,,,far-indirect,*%es:0x14(%bx)
1.6,1,1000,0x2cb9,0x3179,FUN_1000_2c3c,FUN_1000_2c3c,26ff5f14,,,,False,,,,far-indirect,*%es:0x14(%bx)
1.6,1,1000,0x2ed9,0x3399,FUN_1000_2eb4,FUN_1000_2eb4,26ff5d6c,,,,False,,,,far-indirect,*%es:0x6c(%di)
1.6,1,1000,0x2ef5,0x33b5,FUN_1000_2eb4,FUN_1000_2eb4,26ff5f14,,,,False,,,,far-indirect,*%es:0x14(%bx)
1.6,1,1000,0x2f1d,0x33dd,FUN_1000_2eb4,FUN_1000_2eb4,26ff5d14,,,,False,,,,far-indirect,*%es:0x14(%di)
1.6,1,1000,0x34f1,0x39b1,FUN_1000_34d0,FUN_1000_34d0,26ff5f1c,,,,False,,,,far-indirect,*%es:0x1c(%bx)
1.6,1,1000,0x357b,0x3a3b,FUN_1000_3504,FUN_1000_3504,ff5efa,,,,False,,,,far-indirect,*-0x6(%bp)
1.6,1,1000,0x3587,0x3a47,FUN_1000_3504,FUN_1000_3504,ff5efa,,,,False,,,,far-indirect,*-0x6(%bp)
1.6,1,1000,0x35a7,0x3a67,FUN_1000_3504,FUN_1000_3504,ff5efa,,,,False,,,,far-indirect,*-0x6(%bp)
1.6,1,1000,0x35c0,0x3a80,FUN_1000_35b4,FUN_1000_35b4,26ff5f1c,,,,False,,,,far-indirect,*%es:0x1c(%bx)
1.6,1,1000,0x3699,0x3b59,FUN_1000_3690,FUN_1000_3690,26ff5f60,,,,False,,,,far-indirect,*%es:0x60(%bx)
1.6,1,1000,0x36a9,0x3b69,FUN_1000_36a0,FUN_1000_36a0,26ff5f60,,,,False,,,,far-indirect,*%es:0x60(%bx)
1.6,1,1000,0x38de,0x3d9e,FUN_1000_38b6,FUN_1000_38b6,26ff5f14,,,,False,,,,far-indirect,*%es:0x14(%bx)
1.6,1,1000,0x3900,0x3dc0,FUN_1000_38b6,FUN_1000_38b6,26ff5f14,,,,False,,,,far-indirect,*%es:0x14(%bx)
1.6,1,1000,0x3908,0x3dc8,FUN_1000_38b6,FUN_1000_38b6,ff1f,,,,False,,,,far-indirect,*(%bx)
1.6,1,1000,0x39fc,0x3ebc,FUN_1000_39da,FUN_1000_39da,26ff5f44,,,,False,,,,far-indirect,*%es:0x44(%bx)
1.6,1,1000,0x3ae0,0x3fa0,FUN_1000_3ad4,FUN_1000_3ad4,26ff5f6c,,,,False,,,,far-indirect,*%es:0x6c(%bx)
1.6,1,1000,0x3b02,0x3fc2,FUN_1000_3ad4,FUN_1000_3ad4,26ff5f54,,,,False,,,,far-indirect,*%es:0x54(%bx)
1.6,1,1000,0x3b2b,0x3feb,FUN_1000_3ad4,FUN_1000_3ad4,26ff5f54,,,,False,,,,far-indirect,*%es:0x54(%bx)
1.6,1,1000,0x3d73,0x4233,FUN_1000_3d5e,FUN_1000_3d5e,26ff5f30,,,,False,,,,far-indirect,*%es:0x30(%bx)
1.6,1,1000,0x3e36,0x42f6,FUN_1000_3d5e,FUN_1000_3d5e,26ff5f60,,,,False,,,,far-indirect,*%es:0x60(%bx)
1.6,1,1000,0x3e72,0x4332,FUN_1000_3d5e,FUN_1000_3d5e,26ff5f34,,,,False,,,,far-indirect,*%es:0x34(%bx)
1.6,1,1000,0x4452,0x4912,FUN_1000_4432,FUN_1000_4432,26ff5f04,,,,False,,,,far-indirect,*%es:0x4(%bx)
1.6,1,1000,0x44d6,0x4996,FUN_1000_447e,FUN_1000_447e,26ff5f04,,,,False,,,,far-indirect,*%es:0x4(%bx)
1.6,1,1000,0x4510,0x49d0,FUN_1000_447e,FUN_1000_447e,ff5c08,,,,False,,,,far-indirect,*0x8(%si)
1.6,1,1000,0x4516,0x49d6,FUN_1000_4516,FUN_1000_4516,ff1e1005,,,,False,,,,far-indirect,*0x510
1.6,1,1000,0x4742,0x4c02,FUN_1000_4700,FUN_1000_4700,26ff5f04,,,,False,,,,far-indirect,*%es:0x4(%bx)
1.6,1,1000,0x48cc,0x4d8c,FUN_1000_486e,FUN_1000_486e,26ff5f30,,,,False,,,,far-indirect,*%es:0x30(%bx)
1.6,1,1000,0x4905,0x4dc5,FUN_1000_48e6,FUN_1000_48e6,26ff5f20,,,,False,,,,far-indirect,*%es:0x20(%bx)
1.6,1,1000,0x4930,0x4df0,FUN_1000_48e6,FUN_1000_48e6,26ff5f30,,,,False,,,,far-indirect,*%es:0x30(%bx)
1.6,1,1000,0x493a,0x4dfa,FUN_1000_48e6,FUN_1000_48e6,26ff5f40,,,,False,,,,far-indirect,*%es:0x40(%bx)
1.6,1,1000,0x5e6d,0x632d,FUN_1000_5d10,FUN_1000_5d10,ff1eb245,,,,False,,,,far-indirect,*0x45b2
1.6,1,1000,0x5fe9,0x64a9,FUN_1000_5fd4,FUN_1000_5fd4,ff9f8800,,,,False,,,,far-indirect,*0x88(%bx)
1.6,1,1000,0x5ffa,0x64ba,FUN_1000_5fd4,FUN_1000_5fd4,ff1eb245,,,,False,,,,far-indirect,*0x45b2
1.6,1,1000,0x66f8,0x6bb8,FUN_1000_66c8,FUN_1000_66c8,26ff5f34,,,,False,,,,far-indirect,*%es:0x34(%bx)
1.6,1,1000,0x6722,0x6be2,FUN_1000_66c8,FUN_1000_66c8,26ff5f70,,,,False,,,,far-indirect,*%es:0x70(%bx)
1.6,1,1000,0x672f,0x6bef,FUN_1000_66c8,FUN_1000_66c8,26ff5f68,,,,False,,,,far-indirect,*%es:0x68(%bx)
1.6,1,1000,0x6772,0x6c32,FUN_1000_6760,FUN_1000_6760,26ff5f04,,,,False,,,,far-indirect,*%es:0x4(%bx)
1.6,1,1000,0x68a2,0x6d62,FUN_1000_685a,FUN_1000_685a,26ff5f68,,,,False,,,,far-indirect,*%es:0x68(%bx)
1.6,1,1000,0x6a7e,0x6f3e,FUN_1000_6a34,FUN_1000_6a34,26ff5f30,,,,False,,,,far-indirect,*%es:0x30(%bx)
1.6,1,1000,0x6acf,0x6f8f,FUN_1000_6aac,FUN_1000_6aac,26ff9f8400,,,,False,,,,far-indirect,*%es:0x84(%bx)
1.6,1,1000,0x6af2,0x6fb2,FUN_1000_6aac,FUN_1000_6aac,26ff5f78,,,,False,,,,far-indirect,*%es:0x78(%bx)
1.6,1,1000,0x6e98,0x7358,FUN_1000_6e80,FUN_1000_6e80,26ff5f74,,,,False,,,,far-indirect,*%es:0x74(%bx)
1.6,1,1000,0x6ebb,0x737b,FUN_1000_6e80,FUN_1000_6e80,26ff9f9000,,,,False,,,,far-indirect,*%es:0x90(%bx)
1.6,1,1000,0x6ecd,0x738d,FUN_1000_6e80,FUN_1000_6e80,26ff9fb000,,,,False,,,,far-indirect,*%es:0xb0(%bx)
1.6,1,1000,0x6ef8,0x73b8,FUN_1000_6ee0,FUN_1000_6ee0,26ff5f38,,,,False,,,,far-indirect,*%es:0x38(%bx)
1.6,1,1000,0x6f08,0x73c8,FUN_1000_6ee0,FUN_1000_6ee0,26ff9c9c00,,,,False,,,,far-indirect,*%es:0x9c(%si)
1.6,1,1000,0x6f1e,0x73de,FUN_1000_6ee0,FUN_1000_6ee0,26ff5f74,,,,False,,,,far-indirect,*%es:0x74(%bx)
1.6,1,1000,0x6f35,0x73f5,FUN_1000_6ee0,FUN_1000_6ee0,26ff9f9000,,,,False,,,,far-indirect,*%es:0x90(%bx)
1.6,1,1000,0x7069,0x7529,FUN_1000_7046,FUN_1000_7046,26ff5d4c,,,,False,,,,far-indirect,*%es:0x4c(%di)
1.6,1,1000,0x71bd,0x767d,FUN_1000_7192,FUN_1000_7192,26ff9f9000,,,,False,,,,far-indirect,*%es:0x90(%bx)
1.6,1,1000,0x71de,0x769e,FUN_1000_7192,FUN_1000_7192,26ff9f9000,,,,False,,,,far-indirect,*%es:0x90(%bx)
1.6,1,1000,0x7544,0x7a04,FUN_1000_7502,FUN_1000_7502,ff5f04,,,,False,,,,far-indirect,*0x4(%bx)
1.6,1,1000,0x75d8,0x7a98,FUN_1000_75a2,FUN_1000_75a2,ff1f,,,,False,,,,far-indirect,*(%bx)
1.6,1,1000,0x7929,0x7de9,FUN_1000_7916,FUN_1000_7916,26ff9f9000,,,,False,,,,far-indirect,*%es:0x90(%bx)
1.6,1,1000,0x7939,0x7df9,FUN_1000_7916,FUN_1000_7916,26ff9f8c00,,,,False,,,,far-indirect,*%es:0x8c(%bx)
1.6,1,1000,0x794e,0x7e0e,FUN_1000_7916,FUN_1000_7916,26ff5f78,,,,False,,,,far-indirect,*%es:0x78(%bx)
1.6,1,1000,0x79a3,0x7e63,FUN_1000_798a,FUN_1000_798a,26ff5f30,,,,False,,,,far-indirect,*%es:0x30(%bx)
1.6,1,1000,0x7af0,0x7fb0,FUN_1000_7ad8,FUN_1000_7ad8,26ff5f78,,,,False,,,,far-indirect,*%es:0x78(%bx)
1.6,1,1000,0x7e55,0x8315,FUN_1000_7e24,FUN_1000_7e24,26ff5f14,,,,False,,,,far-indirect,*%es:0x14(%bx)
1.6,1,1000,0x832e,0x87ee,FUN_1000_81aa,FUN_1000_81aa,26ff5f54,,,,False,,,,far-indirect,*%es:0x54(%bx)
1.6,1,1000,0x83c6,0x8886,FUN_1000_83ae,FUN_1000_83ae,26ff5f04,,,,False,,,,far-indirect,*%es:0x4(%bx)
1.6,1,1000,0x9997,0x9e57,FUN_1000_9984,FUN_1000_9984,26ff9f8000,,,,False,,,,far-indirect,*%es:0x80(%bx)
1.6,1,1000,0x9a3e,0x9efe,FUN_1000_9a2c,FUN_1000_9a2c,26ff9f8400,,,,False,,,,far-indirect,*%es:0x84(%bx)
1.6,1,1000,0x9aca,0x9f8a,FUN_1000_9ab6,FUN_1000_9ab6,26ff9f8400,,,,False,,,,far-indirect,*%es:0x84(%bx)
1.6,1,1000,0x9b68,0xa028,FUN_1000_9af8,FUN_1000_9af8,26ff9f8400,,,,False,,,,far-indirect,*%es:0x84(%bx)
1.6,1,1000,0x9bda,0xa09a,FUN_1000_9b90,FUN_1000_9b90,26ff9f8400,,,,False,,,,far-indirect,*%es:0x84(%bx)
1.6,1,1000,0xa0c3,0xa583,FUN_1000_a0a0,FUN_1000_a0a0,26ff5f54,,,,False,,,,far-indirect,*%es:0x54(%bx)
1.6,1,1000,0xa0f9,0xa5b9,FUN_1000_a0d6,FUN_1000_a0d6,26ff5f58,,,,False,,,,far-indirect,*%es:0x58(%bx)
1.6,1,1000,0xa1cc,0xa68c,FUN_1000_a19e,FUN_1000_a19e,26ff5d6c,,,,False,,,,far-indirect,*%es:0x6c(%di)
1.6,1,1000,0xa205,0xa6c5,FUN_1000_a1fa,FUN_1000_a1fa,26ff5f6c,,,,False,,,,far-indirect,*%es:0x6c(%bx)
1.6,1,1000,0xa212,0xa6d2,FUN_1000_a1fa,FUN_1000_a1fa,26ff5f68,,,,False,,,,far-indirect,*%es:0x68(%bx)
1.6,1,1000,0xa22b,0xa6eb,FUN_1000_a1fa,FUN_1000_a1fa,26ff5f44,,,,False,,,,far-indirect,*%es:0x44(%bx)
1.6,1,1000,0xa370,0xa830,FUN_1000_a330,FUN_1000_a330,26ff5d54,,,,False,,,,far-indirect,*%es:0x54(%di)
1.6,1,1000,0xa68d,0xab4d,FUN_1000_a62c,FUN_1000_a62c,26ff5f40,,,,False,,,,far-indirect,*%es:0x40(%bx)
1.6,1,1000,0xa862,0xad22,FUN_1000_a830,FUN_1000_a830,26ff5f30,,,,False,,,,far-indirect,*%es:0x30(%bx)
1.6,1,1000,0xa898,0xad58,FUN_1000_a874,FUN_1000_a874,26ff5f40,,,,False,,,,far-indirect,*%es:0x40(%bx)
1.6,1,1000,0xa8b5,0xad75,FUN_1000_a874,FUN_1000_a874,26ff5f40,,,,False,,,,far-indirect,*%es:0x40(%bx)
1.6,1,1000,0xaa70,0xaf30,FUN_1000_a952,FUN_1000_a952,26ff5f6c,,,,False,,,,far-indirect,*%es:0x6c(%bx)
1.6,1,1000,0xb09b,0xb55b,FUN_1000_b07e,FUN_1000_b07e,26ff5f2c,,,,False,,,,far-indirect,*%es:0x2c(%bx)
1.6,1,1000,0xc4a7,0xc967,FUN_1000_c494,FUN_1000_c494,26ff5f04,,,,False,,,,far-indirect,*%es:0x4(%bx)
1.6,1,1000,0xc7ed,0xccad,FUN_1000_c7b2,FUN_1000_c7b2,26ff5f04,,,,False,,,,far-indirect,*%es:0x4(%bx)
1.6,1,1000,0xc8c6,0xcd86,FUN_1000_c84a,FUN_1000_c84a,26ff9f9c00,,,,False,,,,far-indirect,*%es:0x9c(%bx)
1.6,1,1000,0xc8fb,0xcdbb,FUN_1000_c84a,FUN_1000_c84a,26ff5f14,,,,False,,,,far-indirect,*%es:0x14(%bx)
1.6,1,1000,0xc914,0xcdd4,FUN_1000_c84a,FUN_1000_c84a,26ff5d24,,,,False,,,,far-indirect,*%es:0x24(%di)
1.6,1,1000,0xc929,0xcde9,FUN_1000_c84a,FUN_1000_c84a,26ff5f18,,,,False,,,,far-indirect,*%es:0x18(%bx)
1.6,1,1000,0xc93a,0xcdfa,FUN_1000_c84a,FUN_1000_c84a,26ff9fa000,,,,False,,,,far-indirect,*%es:0xa0(%bx)
1.6,1,1000,0xc945,0xce05,FUN_1000_c84a,FUN_1000_c84a,26ff5f20,,,,False,,,,far-indirect,*%es:0x20(%bx)
1.6,1,1000,0xc95b,0xce1b,FUN_1000_c84a,FUN_1000_c84a,26ff5f28,,,,False,,,,far-indirect,*%es:0x28(%bx)
1.6,1,1000,0xd8ba,0xdd7a,FUN_1000_d878,FUN_1000_d878,ff5f0c,,,,False,,,,far-indirect,*0xc(%bx)
1.6,1,1000,0xd8c0,0xdd80,FUN_1000_d878,FUN_1000_d878,ff1c,,,,False,,,,far-indirect,*(%si)
1.6,1,1000,0xd8d5,0xdd95,FUN_1000_d878,FUN_1000_d878,ff1f,,,,False,,,,far-indirect,*(%bx)
1.6,1,1000,0xd93a,0xddfa,FUN_1000_d912,FUN_1000_d912,ff1f,,,,False,,,,far-indirect,*(%bx)
1.6,1,1000,0xd95d,0xde1d,FUN_1000_d942,FUN_1000_d942,ff1f,,,,False,,,,far-indirect,*(%bx)
1.6,1,1000,0xd979,0xde39,FUN_1000_d964,FUN_1000_d964,ff1f,,,,False,,,,far-indirect,*(%bx)
1.6,1,1000,0xdc03,0xe0c3,FUN_1000_dbd8,FUN_1000_dbd8,26ff5f6c,,,,False,,,,far-indirect,*%es:0x6c(%bx)
1.6,1,1000,0xdc71,0xe131,FUN_1000_dbd8,FUN_1000_dbd8,26ff5f6c,,,,False,,,,far-indirect,*%es:0x6c(%bx)
1.6,2,1008,0x30a,0xeb8a,FUN_1008_02e2,FUN_1008_02e2,26ff5f14,,,,False,,,,far-indirect,*%es:0x14(%bx)
1.6,2,1008,0x331,0xebb1,FUN_1008_0316,FUN_1008_0316,26ff5f1c,,,,False,,,,far-indirect,*%es:0x1c(%bx)
1.6,2,1008,0x1478,0xfcf8,FUN_1008_146c,FUN_1008_146c,26ff5f38,,,,False,,,,far-indirect,*%es:0x38(%bx)
1.6,2,1008,0x1488,0xfd08,FUN_1008_146c,FUN_1008_146c,26ff5f3c,,,,False,,,,far-indirect,*%es:0x3c(%bx)
1.6,2,1008,0x14cd,0xfd4d,FUN_1008_146c,FUN_1008_146c,26ff5f38,,,,False,,,,far-indirect,*%es:0x38(%bx)
1.6,2,1008,0x14dd,0xfd5d,FUN_1008_146c,FUN_1008_146c,26ff5f3c,,,,False,,,,far-indirect,*%es:0x3c(%bx)
1.6,2,1008,0x152a,0xfdaa,FUN_1008_146c,FUN_1008_146c,26ff5f38,,,,False,,,,far-indirect,*%es:0x38(%bx)
1.6,2,1008,0x1542,0xfdc2,FUN_1008_146c,FUN_1008_146c,26ff5f3c,,,,False,,,,far-indirect,*%es:0x3c(%bx)
1.6,2,1008,0x1589,0xfe09,FUN_1008_146c,FUN_1008_146c,26ff9f8c00,,,,False,,,,far-indirect,*%es:0x8c(%bx)
1.6,2,1008,0x164c,0xfecc,FUN_1008_1642,FUN_1008_1642,26ff5f60,,,,False,,,,far-indirect,*%es:0x60(%bx)
1.6,2,1008,0x1657,0xfed7,FUN_1008_1642,FUN_1008_1642,26ff5f54,,,,False,,,,far-indirect,*%es:0x54(%bx)
1.6,2,1008,0x1730,0xffb0,FUN_1008_16a0,FUN_1008_16a0,26ff5f40,,,,False,,,,far-indirect,*%es:0x40(%bx)
1.6,2,1008,0x178d,0x1000d,FUN_1008_16a0,FUN_1008_16a0,26ff5f50,,,,False,,,,far-indirect,*%es:0x50(%bx)
1.6,2,1008,0x17e3,0x10063,FUN_1008_16a0,FUN_1008_16a0,26ff5f34,,,,False,,,,far-indirect,*%es:0x34(%bx)
1.6,2,1008,0x1d03,0x10583,FUN_1008_1ce8,FUN_1008_1ce8,26ff5f40,,,,False,,,,far-indirect,*%es:0x40(%bx)
1.6,2,1008,0x1d3a,0x105ba,FUN_1008_1d0e,FUN_1008_1d0e,26ff5f40,,,,False,,,,far-indirect,*%es:0x40(%bx)
1.6,2,1008,0x1daa,0x1062a,FUN_1008_1d70,FUN_1008_1d70,26ff5f14,,,,False,,,,far-indirect,*%es:0x14(%bx)
1.6,2,1008,0x2056,0x108d6,FUN_1008_1ffe,FUN_1008_1ffe,26ff5f6c,,,,False,,,,far-indirect,*%es:0x6c(%bx)
1.6,2,1008,0x20d7,0x10957,FUN_1008_2066,FUN_1008_2066,26ff9fb000,,,,False,,,,far-indirect,*%es:0xb0(%bx)
1.6,2,1008,0x20ef,0x1096f,FUN_1008_2066,FUN_1008_2066,26ff5f7c,,,,False,,,,far-indirect,*%es:0x7c(%bx)
1.6,2,1008,0x2103,0x10983,FUN_1008_2066,FUN_1008_2066,26ff9f9000,,,,False,,,,far-indirect,*%es:0x90(%bx)
1.6,2,1008,0x211b,0x1099b,FUN_1008_2066,FUN_1008_2066,26ff9f8c00,,,,False,,,,far-indirect,*%es:0x8c(%bx)
1.6,2,1008,0x216e,0x109ee,FUN_1008_2162,FUN_1008_2162,26ff5f30,,,,False,,,,far-indirect,*%es:0x30(%bx)
1.6,2,1008,0x217e,0x109fe,FUN_1008_2162,FUN_1008_2162,26ff5f34,,,,False,,,,far-indirect,*%es:0x34(%bx)
1.6,2,1008,0x2193,0x10a13,FUN_1008_2162,FUN_1008_2162,26ff5f54,,,,False,,,,far-indirect,*%es:0x54(%bx)
1.6,2,1008,0x22e5,0x10b65,FUN_1008_22c6,FUN_1008_22c6,26ff5f60,,,,False,,,,far-indirect,*%es:0x60(%bx)
1.6,2,1008,0x2301,0x10b81,FUN_1008_22c6,FUN_1008_22c6,26ff5f48,,,,False,,,,far-indirect,*%es:0x48(%bx)
1.6,2,1008,0x2334,0x10bb4,FUN_1008_22c6,FUN_1008_22c6,26ff5f4c,,,,False,,,,far-indirect,*%es:0x4c(%bx)
1.6,2,1008,0x235b,0x10bdb,FUN_1008_22c6,FUN_1008_22c6,26ff5f04,,,,False,,,,far-indirect,*%es:0x4(%bx)
1.6,2,1008,0x237c,0x10bfc,FUN_1008_22c6,FUN_1008_22c6,26ff5f40,,,,False,,,,far-indirect,*%es:0x40(%bx)
1.6,2,1008,0x239c,0x10c1c,FUN_1008_22c6,FUN_1008_22c6,26ff5f30,,,,False,,,,far-indirect,*%es:0x30(%bx)
1.6,2,1008,0x23a3,0x10c23,FUN_1008_22c6,FUN_1008_22c6,26ff5f48,,,,False,,,,far-indirect,*%es:0x48(%bx)
1.6,2,1008,0x23b6,0x10c36,FUN_1008_22c6,FUN_1008_22c6,26ff5f34,,,,False,,,,far-indirect,*%es:0x34(%bx)
1.6,2,1008,0x23ef,0x10c6f,FUN_1008_22c6,FUN_1008_22c6,26ff5f4c,,,,False,,,,far-indirect,*%es:0x4c(%bx)
1.6,2,1008,0x2402,0x10c82,FUN_1008_22c6,FUN_1008_22c6,26ff5f34,,,,False,,,,far-indirect,*%es:0x34(%bx)
1.6,2,1008,0x2427,0x10ca7,FUN_1008_22c6,FUN_1008_22c6,26ff5f40,,,,False,,,,far-indirect,*%es:0x40(%bx)
1.6,2,1008,0x244d,0x10ccd,FUN_1008_22c6,FUN_1008_22c6,26ff5f30,,,,False,,,,far-indirect,*%es:0x30(%bx)
1.6,2,1008,0x2455,0x10cd5,FUN_1008_22c6,FUN_1008_22c6,26ff5f48,,,,False,,,,far-indirect,*%es:0x48(%bx)
1.6,2,1008,0x2473,0x10cf3,FUN_1008_22c6,FUN_1008_22c6,26ff5f34,,,,False,,,,far-indirect,*%es:0x34(%bx)
1.6,2,1008,0x249d,0x10d1d,FUN_1008_22c6,FUN_1008_22c6,26ff5f50,,,,False,,,,far-indirect,*%es:0x50(%bx)
1.6,2,1008,0x25be,0x10e3e,FUN_1008_25ac,FUN_1008_25ac,26ff5f04,,,,False,,,,far-indirect,*%es:0x4(%bx)
1.6,2,1008,0x2677,0x10ef7,FUN_1008_262e,FUN_1008_262e,26ff5f14,,,,False,,,,far-indirect,*%es:0x14(%bx)
1.6,2,1008,0x270f,0x10f8f,FUN_1008_2702,FUN_1008_2702,26ff9f9800,,,,False,,,,far-indirect,*%es:0x98(%bx)
1.6,2,1008,0x28b0,0x11130,FUN_1008_2892,FUN_1008_2892,ff1f,,,,False,,,,far-indirect,*(%bx)
1.6,2,1008,0x295b,0x111db,FUN_1008_292e,FUN_1008_292e,26ff9f9400,,,,False,,,,far-indirect,*%es:0x94(%bx)
1.6,2,1008,0x2ff5,0x11875,FUN_1008_2fd0,FUN_1008_2fd0,26ff5f40,,,,False,,,,far-indirect,*%es:0x40(%bx)
1.6,2,1008,0x3010,0x11890,FUN_1008_2fd0,FUN_1008_2fd0,26ff5f40,,,,False,,,,far-indirect,*%es:0x40(%bx)
1.6,2,1008,0x334c,0x11bcc,FUN_1008_3338,FUN_1008_3338,26ff5f70,,,,False,,,,far-indirect,*%es:0x70(%bx)
1.6,2,1008,0x3368,0x11be8,FUN_1008_3354,FUN_1008_3354,26ff5f70,,,,False,,,,far-indirect,*%es:0x70(%bx)
1.6,2,1008,0x3468,0x11ce8,FUN_1008_3370,FUN_1008_3370,26ff5f74,,,,False,,,,far-indirect,*%es:0x74(%bx)
1.6,2,1008,0x3849,0x120c9,FUN_1008_37ee,FUN_1008_37ee,ff1ecc20,,,,False,,,,far-indirect,*0x20cc
1.6,2,1008,0x385c,0x120dc,FUN_1008_37ee,FUN_1008_37ee,ff1ecc20,,,,False,,,,far-indirect,*0x20cc
1.6,2,1008,0x3974,0x121f4,FUN_1008_396b,FUN_1008_396b,ff1ecc20,,,,False,,,,far-indirect,*0x20cc
1.6,2,1008,0x39a2,0x12222,FUN_1008_3994,FUN_1008_3994,ff1d,,,,False,,,,far-indirect,*(%di)
1.6,2,1008,0x5af6,0x14376,FUN_1008_5ab0,FUN_1008_5ab0,ff1e4a09,,,,False,,,,far-indirect,*0x94a
1.6,2,1008,0x5cd9,0x14559,FUN_1008_5caf,FUN_1008_5caf,ffd7,,,,False,,,,near-indirect,*%di
1.6,2,1008,0x5d3c,0x145bc,FUN_1008_5caf,FUN_1008_5caf,ff1e4e09,,,,False,,,,far-indirect,*0x94e
1.6,2,1008,0x6880,0x15100,FUN_1008_676f,FUN_1008_676f,ff1e860a,,,,False,,,,far-indirect,*0xa86
1.6,2,1008,0x6d72,0x155f2,FUN_1008_6d4e,FUN_1008_6d4e,ff5e0c,,,,False,,,,far-indirect,*0xc(%bp)
1.6,2,1008,0x6df9,0x15679,FUN_1008_6d4e,FUN_1008_6d4e,36ff5d14,,,,False,,,,far-indirect,*%ss:0x14(%di)
1.6,2,1008,0x6e17,0x15697,FUN_1008_6d4e,FUN_1008_6d4e,36ff5d14,,,,False,,,,far-indirect,*%ss:0x14(%di)
1.6,2,1008,0x73b2,0x15c32,FUN_1008_739a,FUN_1008_739a,ff5e06,,,,False,,,,far-indirect,*0x6(%bp)
1.6,3,1010,0x1ff,0x1619f,FUN_1010_01dc,FUN_1010_01d8,ff5f04,,,,False,,,,far-indirect,*0x4(%bx)
1.6,3,1010,0x209,0x161a9,FUN_1010_01dc,FUN_1010_01d8,ff1f,,,,False,,,,far-indirect,*(%bx)
1.6,3,1010,0x233,0x161d3,FUN_1010_0210,FUN_1010_020c,ff5f04,,,,False,,,,far-indirect,*0x4(%bx)
1.6,3,1010,0x23d,0x161dd,FUN_1010_0210,FUN_1010_020c,ff1f,,,,False,,,,far-indirect,*(%bx)
1.6,3,1010,0x25d,0x161fd,FUN_1010_0244,FUN_1010_0240,ff5f04,,,,False,,,,far-indirect,*0x4(%bx)
1.6,3,1010,0x283,0x16223,FUN_1010_026a,FUN_1010_0266,ff5f04,,,,False,,,,far-indirect,*0x4(%bx)
1.6,3,1010,0x2b3,0x16253,FUN_1010_0290,FUN_1010_028c,ff5f04,,,,False,,,,far-indirect,*0x4(%bx)
1.6,3,1010,0x2ba,0x1625a,FUN_1010_0290,FUN_1010_028c,ff1d,,,,False,,,,far-indirect,*(%di)
1.6,3,1010,0x2e5,0x16285,FUN_1010_02c2,FUN_1010_02be,ff5f04,,,,False,,,,far-indirect,*0x4(%bx)
1.6,3,1010,0x2ec,0x1628c,FUN_1010_02c2,FUN_1010_02be,ff1d,,,,False,,,,far-indirect,*(%di)
1.6,3,1010,0x317,0x162b7,FUN_1010_02f4,FUN_1010_02f0,ff5f04,,,,False,,,,far-indirect,*0x4(%bx)
1.6,3,1010,0x31e,0x162be,FUN_1010_02f4,FUN_1010_02f0,ff1d,,,,False,,,,far-indirect,*(%di)
1.6,3,1010,0x349,0x162e9,FUN_1010_0326,FUN_1010_0322,ff5f04,,,,False,,,,far-indirect,*0x4(%bx)
1.6,3,1010,0x350,0x162f0,FUN_1010_0326,FUN_1010_0322,ff1d,,,,False,,,,far-indirect,*(%di)
1.6,3,1010,0x375,0x16315,FUN_1010_0358,FUN_1010_0354,ff1f,,,,False,,,,far-indirect,*(%bx)
1.6,3,1010,0x395,0x16335,FUN_1010_037c,FUN_1010_0378,ff1f,,,,False,,,,far-indirect,*(%bx)
1.6,3,1010,0x3b9,0x16359,FUN_1010_039c,FUN_1010_0398,ff1f,,,,False,,,,far-indirect,*(%bx)
1.6,3,1010,0xaf9,0x16a99,FUN_1010_0ad6,FUN_1010_0ace,ff5f08,,,,False,,,,far-indirect,*0x8(%bx)
1.6,3,1010,0xb23,0x16ac3,FUN_1010_0b00,FUN_1010_0af8,ff5f08,,,,False,,,,far-indirect,*0x8(%bx)
1.6,4,1018,0x2e31,0x28091,FUN_1018_2cde,FUN_1018_29f8,26ff5f06,,,,False,,,,far-indirect,*%es:0x6(%bx)
1.8,1,1000,0x681,0xb41,FUN_1000_0676,FUN_1000_0676,26ff1f,,,,False,,,,far-indirect,*%es:(%bx)
1.8,1,1000,0x72e,0xbee,FUN_1000_071c,FUN_1000_071c,ff5c08,,,,False,,,,far-indirect,*0x8(%si)
1.8,1,1000,0xbc2,0x1082,FUN_1000_0baa,FUN_1000_0baa,26ff5f20,,,,False,,,,far-indirect,*%es:0x20(%bx)
1.8,1,1000,0x1218,0x16d8,FUN_1000_11ae,FUN_1000_11ae,26ff5f5c,,,,False,,,,far-indirect,*%es:0x5c(%bx)
1.8,1,1000,0x1264,0x1724,FUN_1000_11ae,FUN_1000_11ae,26ff5f58,,,,False,,,,far-indirect,*%es:0x58(%bx)
1.8,1,1000,0x12c4,0x1784,FUN_1000_12aa,FUN_1000_12aa,26ff5f5c,,,,False,,,,far-indirect,*%es:0x5c(%bx)
1.8,1,1000,0x1562,0x1a22,FUN_1000_14ec,FUN_1000_14ec,26ff5f38,,,,False,,,,far-indirect,*%es:0x38(%bx)
1.8,1,1000,0x156d,0x1a2d,FUN_1000_14ec,FUN_1000_14ec,26ff5f60,,,,False,,,,far-indirect,*%es:0x60(%bx)
1.8,1,1000,0x15c1,0x1a81,FUN_1000_14ec,FUN_1000_14ec,26ff5f60,,,,False,,,,far-indirect,*%es:0x60(%bx)
1.8,1,1000,0x1919,0x1dd9,FUN_1000_18cc,FUN_1000_18cc,26ff5f18,,,,False,,,,far-indirect,*%es:0x18(%bx)
1.8,1,1000,0x1a18,0x1ed8,FUN_1000_1a06,FUN_1000_1a06,26ff5f68,,,,False,,,,far-indirect,*%es:0x68(%bx)
1.8,1,1000,0x1a26,0x1ee6,FUN_1000_1a06,FUN_1000_1a06,26ff9f9c00,,,,False,,,,far-indirect,*%es:0x9c(%bx)
1.8,1,1000,0x1b5c,0x201c,FUN_1000_1b3e,FUN_1000_1b3e,26ff5f48,,,,False,,,,far-indirect,*%es:0x48(%bx)
1.8,1,1000,0x1b72,0x2032,FUN_1000_1b3e,FUN_1000_1b3e,26ff5f1c,,,,False,,,,far-indirect,*%es:0x1c(%bx)
1.8,1,1000,0x1d67,0x2227,FUN_1000_1b3e,FUN_1000_1b3e,ff5ef4,,,,False,,,,far-indirect,*-0xc(%bp)
1.8,1,1000,0x1e7d,0x233d,FUN_1000_1b3e,FUN_1000_1b3e,26ff5f5c,,,,False,,,,far-indirect,*%es:0x5c(%bx)
1.8,1,1000,0x1f4a,0x240a,FUN_1000_1f1a,FUN_1000_1f1a,26ff5f68,,,,False,,,,far-indirect,*%es:0x68(%bx)
1.8,1,1000,0x1fc9,0x2489,FUN_1000_1fb0,FUN_1000_1fb0,26ff5f68,,,,False,,,,far-indirect,*%es:0x68(%bx)
1.8,1,1000,0x2118,0x25d8,FUN_1000_2108,FUN_1000_2108,26ff5f40,,,,False,,,,far-indirect,*%es:0x40(%bx)
1.8,1,1000,0x214e,0x260e,FUN_1000_213e,FUN_1000_213e,26ff5f40,,,,False,,,,far-indirect,*%es:0x40(%bx)
1.8,1,1000,0x217c,0x263c,FUN_1000_216e,FUN_1000_216e,26ff5f40,,,,False,,,,far-indirect,*%es:0x40(%bx)
1.8,1,1000,0x21b8,0x2678,FUN_1000_21aa,FUN_1000_21aa,26ff5f40,,,,False,,,,far-indirect,*%es:0x40(%bx)
1.8,1,1000,0x2217,0x26d7,FUN_1000_21e8,FUN_1000_21e8,26ff5f40,,,,False,,,,far-indirect,*%es:0x40(%bx)
1.8,1,1000,0x2357,0x2817,FUN_1000_2242,FUN_1000_2242,26ff5f3c,,,,False,,,,far-indirect,*%es:0x3c(%bx)
1.8,1,1000,0x249f,0x295f,FUN_1000_2482,FUN_1000_2482,26ff5f64,,,,False,,,,far-indirect,*%es:0x64(%bx)
1.8,1,1000,0x2597,0x2a57,FUN_1000_2550,FUN_1000_2550,26ff5f50,,,,False,,,,far-indirect,*%es:0x50(%bx)
1.8,1,1000,0x2862,0x2d22,FUN_1000_282c,FUN_1000_282c,ff9c8000,,,,False,,,,far-indirect,*0x80(%si)
1.8,1,1000,0x2870,0x2d30,FUN_1000_282c,FUN_1000_282c,ff9c8400,,,,False,,,,far-indirect,*0x84(%si)
1.8,1,1000,0x2a61,0x2f21,FUN_1000_2a12,FUN_1000_2a12,26ff5f04,,,,False,,,,far-indirect,*%es:0x4(%bx)
1.8,1,1000,0x2ab0,0x2f70,FUN_1000_2a7a,FUN_1000_2a7a,26ff5d38,,,,False,,,,far-indirect,*%es:0x38(%di)
1.8,1,1000,0x2ac6,0x2f86,FUN_1000_2a7a,FUN_1000_2a7a,26ff5d3c,,,,False,,,,far-indirect,*%es:0x3c(%di)
1.8,1,1000,0x2adc,0x2f9c,FUN_1000_2a7a,FUN_1000_2a7a,26ff5d40,,,,False,,,,far-indirect,*%es:0x40(%di)
1.8,1,1000,0x2af0,0x2fb0,FUN_1000_2a7a,FUN_1000_2a7a,26ff5d50,,,,False,,,,far-indirect,*%es:0x50(%di)
1.8,1,1000,0x2c9a,0x315a,FUN_1000_2c3c,FUN_1000_2c3c,26ff5f14,,,,False,,,,far-indirect,*%es:0x14(%bx)
1.8,1,1000,0x2cb9,0x3179,FUN_1000_2c3c,FUN_1000_2c3c,26ff5f14,,,,False,,,,far-indirect,*%es:0x14(%bx)
1.8,1,1000,0x2ed9,0x3399,FUN_1000_2eb4,FUN_1000_2eb4,26ff5d6c,,,,False,,,,far-indirect,*%es:0x6c(%di)
1.8,1,1000,0x2ef5,0x33b5,FUN_1000_2eb4,FUN_1000_2eb4,26ff5f14,,,,False,,,,far-indirect,*%es:0x14(%bx)
1.8,1,1000,0x2f1d,0x33dd,FUN_1000_2eb4,FUN_1000_2eb4,26ff5d14,,,,False,,,,far-indirect,*%es:0x14(%di)
1.8,1,1000,0x34f1,0x39b1,FUN_1000_34d0,FUN_1000_34d0,26ff5f1c,,,,False,,,,far-indirect,*%es:0x1c(%bx)
1.8,1,1000,0x357b,0x3a3b,FUN_1000_3504,FUN_1000_3504,ff5efa,,,,False,,,,far-indirect,*-0x6(%bp)
1.8,1,1000,0x3587,0x3a47,FUN_1000_3504,FUN_1000_3504,ff5efa,,,,False,,,,far-indirect,*-0x6(%bp)
1.8,1,1000,0x35a7,0x3a67,FUN_1000_3504,FUN_1000_3504,ff5efa,,,,False,,,,far-indirect,*-0x6(%bp)
1.8,1,1000,0x35c0,0x3a80,FUN_1000_35b4,FUN_1000_35b4,26ff5f1c,,,,False,,,,far-indirect,*%es:0x1c(%bx)
1.8,1,1000,0x3699,0x3b59,FUN_1000_3690,FUN_1000_3690,26ff5f60,,,,False,,,,far-indirect,*%es:0x60(%bx)
1.8,1,1000,0x36a9,0x3b69,FUN_1000_36a0,FUN_1000_36a0,26ff5f60,,,,False,,,,far-indirect,*%es:0x60(%bx)
1.8,1,1000,0x38de,0x3d9e,FUN_1000_38b6,FUN_1000_38b6,26ff5f14,,,,False,,,,far-indirect,*%es:0x14(%bx)
1.8,1,1000,0x3900,0x3dc0,FUN_1000_38b6,FUN_1000_38b6,26ff5f14,,,,False,,,,far-indirect,*%es:0x14(%bx)
1.8,1,1000,0x3908,0x3dc8,FUN_1000_38b6,FUN_1000_38b6,ff1f,,,,False,,,,far-indirect,*(%bx)
1.8,1,1000,0x39fc,0x3ebc,FUN_1000_39da,FUN_1000_39da,26ff5f44,,,,False,,,,far-indirect,*%es:0x44(%bx)
1.8,1,1000,0x3ae0,0x3fa0,FUN_1000_3ad4,FUN_1000_3ad4,26ff5f6c,,,,False,,,,far-indirect,*%es:0x6c(%bx)
1.8,1,1000,0x3b02,0x3fc2,FUN_1000_3ad4,FUN_1000_3ad4,26ff5f54,,,,False,,,,far-indirect,*%es:0x54(%bx)
1.8,1,1000,0x3b2b,0x3feb,FUN_1000_3ad4,FUN_1000_3ad4,26ff5f54,,,,False,,,,far-indirect,*%es:0x54(%bx)
1.8,1,1000,0x3d73,0x4233,FUN_1000_3d5e,FUN_1000_3d5e,26ff5f30,,,,False,,,,far-indirect,*%es:0x30(%bx)
1.8,1,1000,0x3e36,0x42f6,FUN_1000_3d5e,FUN_1000_3d5e,26ff5f60,,,,False,,,,far-indirect,*%es:0x60(%bx)
1.8,1,1000,0x3e72,0x4332,FUN_1000_3d5e,FUN_1000_3d5e,26ff5f34,,,,False,,,,far-indirect,*%es:0x34(%bx)
1.8,1,1000,0x4452,0x4912,FUN_1000_4432,FUN_1000_4432,26ff5f04,,,,False,,,,far-indirect,*%es:0x4(%bx)
1.8,1,1000,0x44d6,0x4996,FUN_1000_447e,FUN_1000_447e,26ff5f04,,,,False,,,,far-indirect,*%es:0x4(%bx)
1.8,1,1000,0x4510,0x49d0,FUN_1000_447e,FUN_1000_447e,ff5c08,,,,False,,,,far-indirect,*0x8(%si)
1.8,1,1000,0x4516,0x49d6,FUN_1000_4516,FUN_1000_4516,ff1e1005,,,,False,,,,far-indirect,*0x510
1.8,1,1000,0x4742,0x4c02,FUN_1000_4700,FUN_1000_4700,26ff5f04,,,,False,,,,far-indirect,*%es:0x4(%bx)
1.8,1,1000,0x48cc,0x4d8c,FUN_1000_486e,FUN_1000_486e,26ff5f30,,,,False,,,,far-indirect,*%es:0x30(%bx)
1.8,1,1000,0x4905,0x4dc5,FUN_1000_48e6,FUN_1000_48e6,26ff5f20,,,,False,,,,far-indirect,*%es:0x20(%bx)
1.8,1,1000,0x4930,0x4df0,FUN_1000_48e6,FUN_1000_48e6,26ff5f30,,,,False,,,,far-indirect,*%es:0x30(%bx)
1.8,1,1000,0x493a,0x4dfa,FUN_1000_48e6,FUN_1000_48e6,26ff5f40,,,,False,,,,far-indirect,*%es:0x40(%bx)
1.8,1,1000,0x5e6d,0x632d,FUN_1000_5d10,FUN_1000_5d10,ff1ebc45,,,,False,,,,far-indirect,*0x45bc
1.8,1,1000,0x5fe9,0x64a9,FUN_1000_5fd4,FUN_1000_5fd4,ff9f8800,,,,False,,,,far-indirect,*0x88(%bx)
1.8,1,1000,0x5ffa,0x64ba,FUN_1000_5fd4,FUN_1000_5fd4,ff1ebc45,,,,False,,,,far-indirect,*0x45bc
1.8,1,1000,0x66f8,0x6bb8,FUN_1000_66c8,FUN_1000_66c8,26ff5f34,,,,False,,,,far-indirect,*%es:0x34(%bx)
1.8,1,1000,0x6722,0x6be2,FUN_1000_66c8,FUN_1000_66c8,26ff5f70,,,,False,,,,far-indirect,*%es:0x70(%bx)
1.8,1,1000,0x672f,0x6bef,FUN_1000_66c8,FUN_1000_66c8,26ff5f68,,,,False,,,,far-indirect,*%es:0x68(%bx)
1.8,1,1000,0x6772,0x6c32,FUN_1000_6760,FUN_1000_6760,26ff5f04,,,,False,,,,far-indirect,*%es:0x4(%bx)
1.8,1,1000,0x68a2,0x6d62,FUN_1000_685a,FUN_1000_685a,26ff5f68,,,,False,,,,far-indirect,*%es:0x68(%bx)
1.8,1,1000,0x6a7e,0x6f3e,FUN_1000_6a34,FUN_1000_6a34,26ff5f30,,,,False,,,,far-indirect,*%es:0x30(%bx)
1.8,1,1000,0x6acf,0x6f8f,FUN_1000_6aac,FUN_1000_6aac,26ff9f8400,,,,False,,,,far-indirect,*%es:0x84(%bx)
1.8,1,1000,0x6af2,0x6fb2,FUN_1000_6aac,FUN_1000_6aac,26ff5f78,,,,False,,,,far-indirect,*%es:0x78(%bx)
1.8,1,1000,0x6e98,0x7358,FUN_1000_6e80,FUN_1000_6e80,26ff5f74,,,,False,,,,far-indirect,*%es:0x74(%bx)
1.8,1,1000,0x6ebb,0x737b,FUN_1000_6e80,FUN_1000_6e80,26ff9f9000,,,,False,,,,far-indirect,*%es:0x90(%bx)
1.8,1,1000,0x6ecd,0x738d,FUN_1000_6e80,FUN_1000_6e80,26ff9fb000,,,,False,,,,far-indirect,*%es:0xb0(%bx)
1.8,1,1000,0x6ef8,0x73b8,FUN_1000_6ee0,FUN_1000_6ee0,26ff5f38,,,,False,,,,far-indirect,*%es:0x38(%bx)
1.8,1,1000,0x6f08,0x73c8,FUN_1000_6ee0,FUN_1000_6ee0,26ff9c9c00,,,,False,,,,far-indirect,*%es:0x9c(%si)
1.8,1,1000,0x6f1e,0x73de,FUN_1000_6ee0,FUN_1000_6ee0,26ff5f74,,,,False,,,,far-indirect,*%es:0x74(%bx)
1.8,1,1000,0x6f35,0x73f5,FUN_1000_6ee0,FUN_1000_6ee0,26ff9f9000,,,,False,,,,far-indirect,*%es:0x90(%bx)
1.8,1,1000,0x7069,0x7529,FUN_1000_7046,FUN_1000_7046,26ff5d4c,,,,False,,,,far-indirect,*%es:0x4c(%di)
1.8,1,1000,0x71bd,0x767d,FUN_1000_7192,FUN_1000_7192,26ff9f9000,,,,False,,,,far-indirect,*%es:0x90(%bx)
1.8,1,1000,0x71de,0x769e,FUN_1000_7192,FUN_1000_7192,26ff9f9000,,,,False,,,,far-indirect,*%es:0x90(%bx)
1.8,1,1000,0x7544,0x7a04,FUN_1000_7502,FUN_1000_7502,ff5f04,,,,False,,,,far-indirect,*0x4(%bx)
1.8,1,1000,0x75d8,0x7a98,FUN_1000_75a2,FUN_1000_75a2,ff1f,,,,False,,,,far-indirect,*(%bx)
1.8,1,1000,0x7929,0x7de9,FUN_1000_7916,FUN_1000_7916,26ff9f9000,,,,False,,,,far-indirect,*%es:0x90(%bx)
1.8,1,1000,0x7939,0x7df9,FUN_1000_7916,FUN_1000_7916,26ff9f8c00,,,,False,,,,far-indirect,*%es:0x8c(%bx)
1.8,1,1000,0x794e,0x7e0e,FUN_1000_7916,FUN_1000_7916,26ff5f78,,,,False,,,,far-indirect,*%es:0x78(%bx)
1.8,1,1000,0x79a3,0x7e63,FUN_1000_798a,FUN_1000_798a,26ff5f30,,,,False,,,,far-indirect,*%es:0x30(%bx)
1.8,1,1000,0x7af0,0x7fb0,FUN_1000_7ad8,FUN_1000_7ad8,26ff5f78,,,,False,,,,far-indirect,*%es:0x78(%bx)
1.8,1,1000,0x7e55,0x8315,FUN_1000_7e24,FUN_1000_7e24,26ff5f14,,,,False,,,,far-indirect,*%es:0x14(%bx)
1.8,1,1000,0x832e,0x87ee,FUN_1000_81aa,FUN_1000_81aa,26ff5f54,,,,False,,,,far-indirect,*%es:0x54(%bx)
1.8,1,1000,0x83c6,0x8886,FUN_1000_83ae,FUN_1000_83ae,26ff5f04,,,,False,,,,far-indirect,*%es:0x4(%bx)
1.8,1,1000,0x9997,0x9e57,FUN_1000_9984,FUN_1000_9984,26ff9f8000,,,,False,,,,far-indirect,*%es:0x80(%bx)
1.8,1,1000,0x9a3e,0x9efe,FUN_1000_9a2c,FUN_1000_9a2c,26ff9f8400,,,,False,,,,far-indirect,*%es:0x84(%bx)
1.8,1,1000,0x9aca,0x9f8a,FUN_1000_9ab6,FUN_1000_9ab6,26ff9f8400,,,,False,,,,far-indirect,*%es:0x84(%bx)
1.8,1,1000,0x9b68,0xa028,FUN_1000_9af8,FUN_1000_9af8,26ff9f8400,,,,False,,,,far-indirect,*%es:0x84(%bx)
1.8,1,1000,0x9bda,0xa09a,FUN_1000_9b90,FUN_1000_9b90,26ff9f8400,,,,False,,,,far-indirect,*%es:0x84(%bx)
1.8,1,1000,0xa0c3,0xa583,FUN_1000_a0a0,FUN_1000_a0a0,26ff5f54,,,,False,,,,far-indirect,*%es:0x54(%bx)
1.8,1,1000,0xa0f9,0xa5b9,FUN_1000_a0d6,FUN_1000_a0d6,26ff5f58,,,,False,,,,far-indirect,*%es:0x58(%bx)
1.8,1,1000,0xa1cc,0xa68c,FUN_1000_a19e,FUN_1000_a19e,26ff5d6c,,,,False,,,,far-indirect,*%es:0x6c(%di)
1.8,1,1000,0xa205,0xa6c5,FUN_1000_a1fa,FUN_1000_a1fa,26ff5f6c,,,,False,,,,far-indirect,*%es:0x6c(%bx)
1.8,1,1000,0xa212,0xa6d2,FUN_1000_a1fa,FUN_1000_a1fa,26ff5f68,,,,False,,,,far-indirect,*%es:0x68(%bx)
1.8,1,1000,0xa22b,0xa6eb,FUN_1000_a1fa,FUN_1000_a1fa,26ff5f44,,,,False,,,,far-indirect,*%es:0x44(%bx)
1.8,1,1000,0xa370,0xa830,FUN_1000_a330,FUN_1000_a330,26ff5d54,,,,False,,,,far-indirect,*%es:0x54(%di)
1.8,1,1000,0xa68d,0xab4d,FUN_1000_a62c,FUN_1000_a62c,26ff5f40,,,,False,,,,far-indirect,*%es:0x40(%bx)
1.8,1,1000,0xa862,0xad22,FUN_1000_a830,FUN_1000_a830,26ff5f30,,,,False,,,,far-indirect,*%es:0x30(%bx)
1.8,1,1000,0xa898,0xad58,FUN_1000_a874,FUN_1000_a874,26ff5f40,,,,False,,,,far-indirect,*%es:0x40(%bx)
1.8,1,1000,0xa8b5,0xad75,FUN_1000_a874,FUN_1000_a874,26ff5f40,,,,False,,,,far-indirect,*%es:0x40(%bx)
1.8,1,1000,0xaa70,0xaf30,FUN_1000_a952,FUN_1000_a952,26ff5f6c,,,,False,,,,far-indirect,*%es:0x6c(%bx)
1.8,1,1000,0xb09b,0xb55b,FUN_1000_b07e,FUN_1000_b07e,26ff5f2c,,,,False,,,,far-indirect,*%es:0x2c(%bx)
1.8,1,1000,0xc4a7,0xc967,FUN_1000_c494,FUN_1000_c494,26ff5f04,,,,False,,,,far-indirect,*%es:0x4(%bx)
1.8,1,1000,0xc7ed,0xccad,FUN_1000_c7b2,FUN_1000_c7b2,26ff5f04,,,,False,,,,far-indirect,*%es:0x4(%bx)
1.8,1,1000,0xc8c6,0xcd86,FUN_1000_c84a,FUN_1000_c84a,26ff9f9c00,,,,False,,,,far-indirect,*%es:0x9c(%bx)
1.8,1,1000,0xc8fb,0xcdbb,FUN_1000_c84a,FUN_1000_c84a,26ff5f14,,,,False,,,,far-indirect,*%es:0x14(%bx)
1.8,1,1000,0xc914,0xcdd4,FUN_1000_c84a,FUN_1000_c84a,26ff5d24,,,,False,,,,far-indirect,*%es:0x24(%di)
1.8,1,1000,0xc929,0xcde9,FUN_1000_c84a,FUN_1000_c84a,26ff5f18,,,,False,,,,far-indirect,*%es:0x18(%bx)
1.8,1,1000,0xc93a,0xcdfa,FUN_1000_c84a,FUN_1000_c84a,26ff9fa000,,,,False,,,,far-indirect,*%es:0xa0(%bx)
1.8,1,1000,0xc945,0xce05,FUN_1000_c84a,FUN_1000_c84a,26ff5f20,,,,False,,,,far-indirect,*%es:0x20(%bx)
1.8,1,1000,0xc95b,0xce1b,FUN_1000_c84a,FUN_1000_c84a,26ff5f28,,,,False,,,,far-indirect,*%es:0x28(%bx)
1.8,1,1000,0xd8ba,0xdd7a,FUN_1000_d878,FUN_1000_d878,ff5f0c,,,,False,,,,far-indirect,*0xc(%bx)
1.8,1,1000,0xd8c0,0xdd80,FUN_1000_d878,FUN_1000_d878,ff1c,,,,False,,,,far-indirect,*(%si)
1.8,1,1000,0xd8d5,0xdd95,FUN_1000_d878,FUN_1000_d878,ff1f,,,,False,,,,far-indirect,*(%bx)
1.8,1,1000,0xd93a,0xddfa,FUN_1000_d912,FUN_1000_d912,ff1f,,,,False,,,,far-indirect,*(%bx)
1.8,1,1000,0xd95d,0xde1d,FUN_1000_d942,FUN_1000_d942,ff1f,,,,False,,,,far-indirect,*(%bx)
1.8,1,1000,0xd979,0xde39,FUN_1000_d964,FUN_1000_d964,ff1f,,,,False,,,,far-indirect,*(%bx)
1.8,1,1000,0xdc03,0xe0c3,FUN_1000_dbd8,FUN_1000_dbd8,26ff5f6c,,,,False,,,,far-indirect,*%es:0x6c(%bx)
1.8,1,1000,0xdc71,0xe131,FUN_1000_dbd8,FUN_1000_dbd8,26ff5f6c,,,,False,,,,far-indirect,*%es:0x6c(%bx)
1.8,2,1008,0x30a,0xeb8a,FUN_1008_02e2,FUN_1008_02e2,26ff5f14,,,,False,,,,far-indirect,*%es:0x14(%bx)
1.8,2,1008,0x331,0xebb1,FUN_1008_0316,FUN_1008_0316,26ff5f1c,,,,False,,,,far-indirect,*%es:0x1c(%bx)
1.8,2,1008,0x1478,0xfcf8,FUN_1008_146c,FUN_1008_146c,26ff5f38,,,,False,,,,far-indirect,*%es:0x38(%bx)
1.8,2,1008,0x1488,0xfd08,FUN_1008_146c,FUN_1008_146c,26ff5f3c,,,,False,,,,far-indirect,*%es:0x3c(%bx)
1.8,2,1008,0x14cd,0xfd4d,FUN_1008_146c,FUN_1008_146c,26ff5f38,,,,False,,,,far-indirect,*%es:0x38(%bx)
1.8,2,1008,0x14dd,0xfd5d,FUN_1008_146c,FUN_1008_146c,26ff5f3c,,,,False,,,,far-indirect,*%es:0x3c(%bx)
1.8,2,1008,0x152a,0xfdaa,FUN_1008_146c,FUN_1008_146c,26ff5f38,,,,False,,,,far-indirect,*%es:0x38(%bx)
1.8,2,1008,0x1542,0xfdc2,FUN_1008_146c,FUN_1008_146c,26ff5f3c,,,,False,,,,far-indirect,*%es:0x3c(%bx)
1.8,2,1008,0x1589,0xfe09,FUN_1008_146c,FUN_1008_146c,26ff9f8c00,,,,False,,,,far-indirect,*%es:0x8c(%bx)
1.8,2,1008,0x164c,0xfecc,FUN_1008_1642,FUN_1008_1642,26ff5f60,,,,False,,,,far-indirect,*%es:0x60(%bx)
1.8,2,1008,0x1657,0xfed7,FUN_1008_1642,FUN_1008_1642,26ff5f54,,,,False,,,,far-indirect,*%es:0x54(%bx)
1.8,2,1008,0x1730,0xffb0,FUN_1008_16a0,FUN_1008_16a0,26ff5f40,,,,False,,,,far-indirect,*%es:0x40(%bx)
1.8,2,1008,0x178d,0x1000d,FUN_1008_16a0,FUN_1008_16a0,26ff5f50,,,,False,,,,far-indirect,*%es:0x50(%bx)
1.8,2,1008,0x17e3,0x10063,FUN_1008_16a0,FUN_1008_16a0,26ff5f34,,,,False,,,,far-indirect,*%es:0x34(%bx)
1.8,2,1008,0x1d03,0x10583,FUN_1008_1ce8,FUN_1008_1ce8,26ff5f40,,,,False,,,,far-indirect,*%es:0x40(%bx)
1.8,2,1008,0x1d3a,0x105ba,FUN_1008_1d0e,FUN_1008_1d0e,26ff5f40,,,,False,,,,far-indirect,*%es:0x40(%bx)
1.8,2,1008,0x1daa,0x1062a,FUN_1008_1d70,FUN_1008_1d70,26ff5f14,,,,False,,,,far-indirect,*%es:0x14(%bx)
1.8,2,1008,0x2056,0x108d6,FUN_1008_1ffe,FUN_1008_1ffe,26ff5f6c,,,,False,,,,far-indirect,*%es:0x6c(%bx)
1.8,2,1008,0x20d7,0x10957,FUN_1008_2066,FUN_1008_2066,26ff9fb000,,,,False,,,,far-indirect,*%es:0xb0(%bx)
1.8,2,1008,0x20ef,0x1096f,FUN_1008_2066,FUN_1008_2066,26ff5f7c,,,,False,,,,far-indirect,*%es:0x7c(%bx)
1.8,2,1008,0x2103,0x10983,FUN_1008_2066,FUN_1008_2066,26ff9f9000,,,,False,,,,far-indirect,*%es:0x90(%bx)
1.8,2,1008,0x211b,0x1099b,FUN_1008_2066,FUN_1008_2066,26ff9f8c00,,,,False,,,,far-indirect,*%es:0x8c(%bx)
1.8,2,1008,0x216e,0x109ee,FUN_1008_2162,FUN_1008_2162,26ff5f30,,,,False,,,,far-indirect,*%es:0x30(%bx)
1.8,2,1008,0x217e,0x109fe,FUN_1008_2162,FUN_1008_2162,26ff5f34,,,,False,,,,far-indirect,*%es:0x34(%bx)
1.8,2,1008,0x2193,0x10a13,FUN_1008_2162,FUN_1008_2162,26ff5f54,,,,False,,,,far-indirect,*%es:0x54(%bx)
1.8,2,1008,0x22e5,0x10b65,FUN_1008_22c6,FUN_1008_22c6,26ff5f60,,,,False,,,,far-indirect,*%es:0x60(%bx)
1.8,2,1008,0x2301,0x10b81,FUN_1008_22c6,FUN_1008_22c6,26ff5f48,,,,False,,,,far-indirect,*%es:0x48(%bx)
1.8,2,1008,0x2334,0x10bb4,FUN_1008_22c6,FUN_1008_22c6,26ff5f4c,,,,False,,,,far-indirect,*%es:0x4c(%bx)
1.8,2,1008,0x235b,0x10bdb,FUN_1008_22c6,FUN_1008_22c6,26ff5f04,,,,False,,,,far-indirect,*%es:0x4(%bx)
1.8,2,1008,0x237c,0x10bfc,FUN_1008_22c6,FUN_1008_22c6,26ff5f40,,,,False,,,,far-indirect,*%es:0x40(%bx)
1.8,2,1008,0x239c,0x10c1c,FUN_1008_22c6,FUN_1008_22c6,26ff5f30,,,,False,,,,far-indirect,*%es:0x30(%bx)
1.8,2,1008,0x23a3,0x10c23,FUN_1008_22c6,FUN_1008_22c6,26ff5f48,,,,False,,,,far-indirect,*%es:0x48(%bx)
1.8,2,1008,0x23b6,0x10c36,FUN_1008_22c6,FUN_1008_22c6,26ff5f34,,,,False,,,,far-indirect,*%es:0x34(%bx)
1.8,2,1008,0x23ef,0x10c6f,FUN_1008_22c6,FUN_1008_22c6,26ff5f4c,,,,False,,,,far-indirect,*%es:0x4c(%bx)
1.8,2,1008,0x2402,0x10c82,FUN_1008_22c6,FUN_1008_22c6,26ff5f34,,,,False,,,,far-indirect,*%es:0x34(%bx)
1.8,2,1008,0x2427,0x10ca7,FUN_1008_22c6,FUN_1008_22c6,26ff5f40,,,,False,,,,far-indirect,*%es:0x40(%bx)
1.8,2,1008,0x244d,0x10ccd,FUN_1008_22c6,FUN_1008_22c6,26ff5f30,,,,False,,,,far-indirect,*%es:0x30(%bx)
1.8,2,1008,0x2455,0x10cd5,FUN_1008_22c6,FUN_1008_22c6,26ff5f48,,,,False,,,,far-indirect,*%es:0x48(%bx)
1.8,2,1008,0x2473,0x10cf3,FUN_1008_22c6,FUN_1008_22c6,26ff5f34,,,,False,,,,far-indirect,*%es:0x34(%bx)
1.8,2,1008,0x249d,0x10d1d,FUN_1008_22c6,FUN_1008_22c6,26ff5f50,,,,False,,,,far-indirect,*%es:0x50(%bx)
1.8,2,1008,0x25be,0x10e3e,FUN_1008_25ac,FUN_1008_25ac,26ff5f04,,,,False,,,,far-indirect,*%es:0x4(%bx)
1.8,2,1008,0x2677,0x10ef7,FUN_1008_262e,FUN_1008_262e,26ff5f14,,,,False,,,,far-indirect,*%es:0x14(%bx)
1.8,2,1008,0x270f,0x10f8f,FUN_1008_2702,FUN_1008_2702,26ff9f9800,,,,False,,,,far-indirect,*%es:0x98(%bx)
1.8,2,1008,0x28b0,0x11130,FUN_1008_2892,FUN_1008_2892,ff1f,,,,False,,,,far-indirect,*(%bx)
1.8,2,1008,0x295b,0x111db,FUN_1008_292e,FUN_1008_292e,26ff9f9400,,,,False,,,,far-indirect,*%es:0x94(%bx)
1.8,2,1008,0x2ff5,0x11875,FUN_1008_2fd0,FUN_1008_2fd0,26ff5f40,,,,False,,,,far-indirect,*%es:0x40(%bx)
1.8,2,1008,0x3010,0x11890,FUN_1008_2fd0,FUN_1008_2fd0,26ff5f40,,,,False,,,,far-indirect,*%es:0x40(%bx)
1.8,2,1008,0x334c,0x11bcc,FUN_1008_3338,FUN_1008_3338,26ff5f70,,,,False,,,,far-indirect,*%es:0x70(%bx)
1.8,2,1008,0x3368,0x11be8,FUN_1008_3354,FUN_1008_3354,26ff5f70,,,,False,,,,far-indirect,*%es:0x70(%bx)
1.8,2,1008,0x3468,0x11ce8,FUN_1008_3370,FUN_1008_3370,26ff5f74,,,,False,,,,far-indirect,*%es:0x74(%bx)
1.8,2,1008,0x3849,0x120c9,FUN_1008_37ee,FUN_1008_37ee,ff1ecc20,,,,False,,,,far-indirect,*0x20cc
1.8,2,1008,0x385c,0x120dc,FUN_1008_37ee,FUN_1008_37ee,ff1ecc20,,,,False,,,,far-indirect,*0x20cc
1.8,2,1008,0x3974,0x121f4,FUN_1008_396b,FUN_1008_396b,ff1ecc20,,,,False,,,,far-indirect,*0x20cc
1.8,2,1008,0x39a2,0x12222,FUN_1008_3994,FUN_1008_3994,ff1d,,,,False,,,,far-indirect,*(%di)
1.8,2,1008,0x5af6,0x14376,FUN_1008_5ab0,FUN_1008_5ab0,ff1e4a09,,,,False,,,,far-indirect,*0x94a
1.8,2,1008,0x5cd9,0x14559,FUN_1008_5caf,FUN_1008_5caf,ffd7,,,,False,,,,near-indirect,*%di
1.8,2,1008,0x5d3c,0x145bc,FUN_1008_5caf,FUN_1008_5caf,ff1e4e09,,,,False,,,,far-indirect,*0x94e
1.8,2,1008,0x6880,0x15100,FUN_1008_676f,FUN_1008_676f,ff1e860a,,,,False,,,,far-indirect,*0xa86
1.8,2,1008,0x6d72,0x155f2,FUN_1008_6d4e,FUN_1008_6d4e,ff5e0c,,,,False,,,,far-indirect,*0xc(%bp)
1.8,2,1008,0x6df9,0x15679,FUN_1008_6d4e,FUN_1008_6d4e,36ff5d14,,,,False,,,,far-indirect,*%ss:0x14(%di)
1.8,2,1008,0x6e17,0x15697,FUN_1008_6d4e,FUN_1008_6d4e,36ff5d14,,,,False,,,,far-indirect,*%ss:0x14(%di)
1.8,2,1008,0x73b2,0x15c32,FUN_1008_739a,FUN_1008_739a,ff5e06,,,,False,,,,far-indirect,*0x6(%bp)
1.8,3,1010,0x1ff,0x1619f,FUN_1010_01dc,FUN_1010_01d8,ff5f04,,,,False,,,,far-indirect,*0x4(%bx)
1.8,3,1010,0x209,0x161a9,FUN_1010_01dc,FUN_1010_01d8,ff1f,,,,False,,,,far-indirect,*(%bx)
1.8,3,1010,0x233,0x161d3,FUN_1010_0210,FUN_1010_020c,ff5f04,,,,False,,,,far-indirect,*0x4(%bx)
1.8,3,1010,0x23d,0x161dd,FUN_1010_0210,FUN_1010_020c,ff1f,,,,False,,,,far-indirect,*(%bx)
1.8,3,1010,0x25d,0x161fd,FUN_1010_0244,FUN_1010_0240,ff5f04,,,,False,,,,far-indirect,*0x4(%bx)
1.8,3,1010,0x283,0x16223,FUN_1010_026a,FUN_1010_0266,ff5f04,,,,False,,,,far-indirect,*0x4(%bx)
1.8,3,1010,0x2b3,0x16253,FUN_1010_0290,FUN_1010_028c,ff5f04,,,,False,,,,far-indirect,*0x4(%bx)
1.8,3,1010,0x2ba,0x1625a,FUN_1010_0290,FUN_1010_028c,ff1d,,,,False,,,,far-indirect,*(%di)
1.8,3,1010,0x2e5,0x16285,FUN_1010_02c2,FUN_1010_02be,ff5f04,,,,False,,,,far-indirect,*0x4(%bx)
1.8,3,1010,0x2ec,0x1628c,FUN_1010_02c2,FUN_1010_02be,ff1d,,,,False,,,,far-indirect,*(%di)
1.8,3,1010,0x317,0x162b7,FUN_1010_02f4,FUN_1010_02f0,ff5f04,,,,False,,,,far-indirect,*0x4(%bx)
1.8,3,1010,0x31e,0x162be,FUN_1010_02f4,FUN_1010_02f0,ff1d,,,,False,,,,far-indirect,*(%di)
1.8,3,1010,0x349,0x162e9,FUN_1010_0326,FUN_1010_0322,ff5f04,,,,False,,,,far-indirect,*0x4(%bx)
1.8,3,1010,0x350,0x162f0,FUN_1010_0326,FUN_1010_0322,ff1d,,,,False,,,,far-indirect,*(%di)
1.8,3,1010,0x375,0x16315,FUN_1010_0358,FUN_1010_0354,ff1f,,,,False,,,,far-indirect,*(%bx)
1.8,3,1010,0x395,0x16335,FUN_1010_037c,FUN_1010_0378,ff1f,,,,False,,,,far-indirect,*(%bx)
1.8,3,1010,0x3b9,0x16359,FUN_1010_039c,FUN_1010_0398,ff1f,,,,False,,,,far-indirect,*(%bx)
1.8,3,1010,0xaf9,0x16a99,FUN_1010_0ad6,FUN_1010_0ace,ff5f08,,,,False,,,,far-indirect,*0x8(%bx)
1.8,3,1010,0xb23,0x16ac3,FUN_1010_0b00,FUN_1010_0af8,ff5f08,,,,False,,,,far-indirect,*0x8(%bx)
1.8,4,1018,0x2efb,0x280fb,FUN_1018_2da8,FUN_1018_29f8,26ff5f06,,,,False,,,,far-indirect,*%es:0x6(%bx)
1.10,1,1000,0x695,0xb55,FUN_1000_068a,FUN_1000_0676,26ff1f,,,,False,,,,far-indirect,*%es:(%bx)
1.10,1,1000,0x742,0xc02,FUN_1000_0730,FUN_1000_071c,ff5c08,,,,False,,,,far-indirect,*0x8(%si)
1.10,1,1000,0xbd6,0x1096,FUN_1000_0bbe,FUN_1000_0baa,26ff5f20,,,,False,,,,far-indirect,*%es:0x20(%bx)
1.10,1,1000,0x122c,0x16ec,FUN_1000_11c2,FUN_1000_11ae,26ff5f5c,,,,False,,,,far-indirect,*%es:0x5c(%bx)
1.10,1,1000,0x1278,0x1738,FUN_1000_11c2,FUN_1000_11ae,26ff5f58,,,,False,,,,far-indirect,*%es:0x58(%bx)
1.10,1,1000,0x12d8,0x1798,FUN_1000_12be,FUN_1000_12aa,26ff5f5c,,,,False,,,,far-indirect,*%es:0x5c(%bx)
1.10,1,1000,0x1576,0x1a36,FUN_1000_1500,FUN_1000_14ec,26ff5f38,,,,False,,,,far-indirect,*%es:0x38(%bx)
1.10,1,1000,0x1581,0x1a41,FUN_1000_1500,FUN_1000_14ec,26ff5f60,,,,False,,,,far-indirect,*%es:0x60(%bx)
1.10,1,1000,0x15d5,0x1a95,FUN_1000_1500,FUN_1000_14ec,26ff5f60,,,,False,,,,far-indirect,*%es:0x60(%bx)
1.10,1,1000,0x192d,0x1ded,FUN_1000_18e0,FUN_1000_18cc,26ff5f18,,,,False,,,,far-indirect,*%es:0x18(%bx)
1.10,1,1000,0x1a2c,0x1eec,FUN_1000_1a1a,FUN_1000_1a06,26ff5f68,,,,False,,,,far-indirect,*%es:0x68(%bx)
1.10,1,1000,0x1a3a,0x1efa,FUN_1000_1a1a,FUN_1000_1a06,26ff9f9c00,,,,False,,,,far-indirect,*%es:0x9c(%bx)
1.10,1,1000,0x1b70,0x2030,FUN_1000_1b52,FUN_1000_1b3e,26ff5f48,,,,False,,,,far-indirect,*%es:0x48(%bx)
1.10,1,1000,0x1b86,0x2046,FUN_1000_1b52,FUN_1000_1b3e,26ff5f1c,,,,False,,,,far-indirect,*%es:0x1c(%bx)
1.10,1,1000,0x1d7b,0x223b,FUN_1000_1b52,FUN_1000_1b3e,ff5ef4,,,,False,,,,far-indirect,*-0xc(%bp)
1.10,1,1000,0x1e91,0x2351,FUN_1000_1b52,FUN_1000_1b3e,26ff5f5c,,,,False,,,,far-indirect,*%es:0x5c(%bx)
1.10,1,1000,0x1f5e,0x241e,FUN_1000_1f2e,FUN_1000_1f1a,26ff5f68,,,,False,,,,far-indirect,*%es:0x68(%bx)
1.10,1,1000,0x1fdd,0x249d,FUN_1000_1fc4,FUN_1000_1fb0,26ff5f68,,,,False,,,,far-indirect,*%es:0x68(%bx)
1.10,1,1000,0x212c,0x25ec,FUN_1000_211c,FUN_1000_2108,26ff5f40,,,,False,,,,far-indirect,*%es:0x40(%bx)
1.10,1,1000,0x2162,0x2622,FUN_1000_2152,FUN_1000_213e,26ff5f40,,,,False,,,,far-indirect,*%es:0x40(%bx)
1.10,1,1000,0x2190,0x2650,FUN_1000_2182,FUN_1000_216e,26ff5f40,,,,False,,,,far-indirect,*%es:0x40(%bx)
1.10,1,1000,0x21cc,0x268c,FUN_1000_21be,FUN_1000_21aa,26ff5f40,,,,False,,,,far-indirect,*%es:0x40(%bx)
1.10,1,1000,0x222b,0x26eb,FUN_1000_21fc,FUN_1000_21e8,26ff5f40,,,,False,,,,far-indirect,*%es:0x40(%bx)
1.10,1,1000,0x236b,0x282b,FUN_1000_2256,FUN_1000_2242,26ff5f3c,,,,False,,,,far-indirect,*%es:0x3c(%bx)
1.10,1,1000,0x24b3,0x2973,FUN_1000_2496,FUN_1000_2482,26ff5f64,,,,False,,,,far-indirect,*%es:0x64(%bx)
1.10,1,1000,0x25ab,0x2a6b,FUN_1000_2564,FUN_1000_2550,26ff5f50,,,,False,,,,far-indirect,*%es:0x50(%bx)
1.10,1,1000,0x2876,0x2d36,FUN_1000_2840,FUN_1000_282c,ff9c8000,,,,False,,,,far-indirect,*0x80(%si)
1.10,1,1000,0x2884,0x2d44,FUN_1000_2840,FUN_1000_282c,ff9c8400,,,,False,,,,far-indirect,*0x84(%si)
1.10,1,1000,0x2a75,0x2f35,FUN_1000_2a26,FUN_1000_2a12,26ff5f04,,,,False,,,,far-indirect,*%es:0x4(%bx)
1.10,1,1000,0x2ac4,0x2f84,FUN_1000_2a8e,FUN_1000_2a7a,26ff5d38,,,,False,,,,far-indirect,*%es:0x38(%di)
1.10,1,1000,0x2ada,0x2f9a,FUN_1000_2a8e,FUN_1000_2a7a,26ff5d3c,,,,False,,,,far-indirect,*%es:0x3c(%di)
1.10,1,1000,0x2af0,0x2fb0,FUN_1000_2a8e,FUN_1000_2a7a,26ff5d40,,,,False,,,,far-indirect,*%es:0x40(%di)
1.10,1,1000,0x2b04,0x2fc4,FUN_1000_2a8e,FUN_1000_2a7a,26ff5d50,,,,False,,,,far-indirect,*%es:0x50(%di)
1.10,1,1000,0x2cae,0x316e,FUN_1000_2c50,FUN_1000_2c3c,26ff5f14,,,,False,,,,far-indirect,*%es:0x14(%bx)
1.10,1,1000,0x2ccd,0x318d,FUN_1000_2c50,FUN_1000_2c3c,26ff5f14,,,,False,,,,far-indirect,*%es:0x14(%bx)
1.10,1,1000,0x2eed,0x33ad,FUN_1000_2ec8,FUN_1000_2eb4,26ff5d6c,,,,False,,,,far-indirect,*%es:0x6c(%di)
1.10,1,1000,0x2f09,0x33c9,FUN_1000_2ec8,FUN_1000_2eb4,26ff5f14,,,,False,,,,far-indirect,*%es:0x14(%bx)
1.10,1,1000,0x2f31,0x33f1,FUN_1000_2ec8,FUN_1000_2eb4,26ff5d14,,,,False,,,,far-indirect,*%es:0x14(%di)
1.10,1,1000,0x3505,0x39c5,FUN_1000_34e4,FUN_1000_34d0,26ff5f1c,,,,False,,,,far-indirect,*%es:0x1c(%bx)
1.10,1,1000,0x358f,0x3a4f,FUN_1000_3518,FUN_1000_3504,ff5efa,,,,False,,,,far-indirect,*-0x6(%bp)
1.10,1,1000,0x359b,0x3a5b,FUN_1000_3518,FUN_1000_3504,ff5efa,,,,False,,,,far-indirect,*-0x6(%bp)
1.10,1,1000,0x35bb,0x3a7b,FUN_1000_3518,FUN_1000_3504,ff5efa,,,,False,,,,far-indirect,*-0x6(%bp)
1.10,1,1000,0x35d4,0x3a94,FUN_1000_35c8,FUN_1000_35b4,26ff5f1c,,,,False,,,,far-indirect,*%es:0x1c(%bx)
1.10,1,1000,0x36ad,0x3b6d,FUN_1000_36a4,FUN_1000_3690,26ff5f60,,,,False,,,,far-indirect,*%es:0x60(%bx)
1.10,1,1000,0x36bd,0x3b7d,FUN_1000_36b4,FUN_1000_36a0,26ff5f60,,,,False,,,,far-indirect,*%es:0x60(%bx)
1.10,1,1000,0x38f2,0x3db2,FUN_1000_38ca,FUN_1000_38b6,26ff5f14,,,,False,,,,far-indirect,*%es:0x14(%bx)
1.10,1,1000,0x3914,0x3dd4,FUN_1000_38ca,FUN_1000_38b6,26ff5f14,,,,False,,,,far-indirect,*%es:0x14(%bx)
1.10,1,1000,0x391c,0x3ddc,FUN_1000_38ca,FUN_1000_38b6,ff1f,,,,False,,,,far-indirect,*(%bx)
1.10,1,1000,0x3a10,0x3ed0,FUN_1000_39ee,FUN_1000_39da,26ff5f44,,,,False,,,,far-indirect,*%es:0x44(%bx)
1.10,1,1000,0x3af4,0x3fb4,FUN_1000_3ae8,FUN_1000_3ad4,26ff5f6c,,,,False,,,,far-indirect,*%es:0x6c(%bx)
1.10,1,1000,0x3b16,0x3fd6,FUN_1000_3ae8,FUN_1000_3ad4,26ff5f54,,,,False,,,,far-indirect,*%es:0x54(%bx)
1.10,1,1000,0x3b3f,0x3fff,FUN_1000_3ae8,FUN_1000_3ad4,26ff5f54,,,,False,,,,far-indirect,*%es:0x54(%bx)
1.10,1,1000,0x3d87,0x4247,FUN_1000_3d72,FUN_1000_3d5e,26ff5f30,,,,False,,,,far-indirect,*%es:0x30(%bx)
1.10,1,1000,0x3e4a,0x430a,FUN_1000_3d72,FUN_1000_3d5e,26ff5f60,,,,False,,,,far-indirect,*%es:0x60(%bx)
1.10,1,1000,0x3e86,0x4346,FUN_1000_3d72,FUN_1000_3d5e,26ff5f34,,,,False,,,,far-indirect,*%es:0x34(%bx)
1.10,1,1000,0x4466,0x4926,FUN_1000_4446,FUN_1000_4432,26ff5f04,,,,False,,,,far-indirect,*%es:0x4(%bx)
1.10,1,1000,0x44ea,0x49aa,FUN_1000_4492,FUN_1000_447e,26ff5f04,,,,False,,,,far-indirect,*%es:0x4(%bx)
1.10,1,1000,0x4524,0x49e4,FUN_1000_4492,FUN_1000_447e,ff5c08,,,,False,,,,far-indirect,*0x8(%si)
1.10,1,1000,0x452a,0x49ea,FUN_1000_452a,FUN_1000_4516,ff1e1005,,,,False,,,,far-indirect,*0x510
1.10,1,1000,0x4756,0x4c16,FUN_1000_4714,FUN_1000_4700,26ff5f04,,,,False,,,,far-indirect,*%es:0x4(%bx)
1.10,1,1000,0x48e0,0x4da0,FUN_1000_4882,FUN_1000_486e,26ff5f30,,,,False,,,,far-indirect,*%es:0x30(%bx)
1.10,1,1000,0x4919,0x4dd9,FUN_1000_48fa,FUN_1000_48e6,26ff5f20,,,,False,,,,far-indirect,*%es:0x20(%bx)
1.10,1,1000,0x4944,0x4e04,FUN_1000_48fa,FUN_1000_48e6,26ff5f30,,,,False,,,,far-indirect,*%es:0x30(%bx)
1.10,1,1000,0x494e,0x4e0e,FUN_1000_48fa,FUN_1000_48e6,26ff5f40,,,,False,,,,far-indirect,*%es:0x40(%bx)
1.10,1,1000,0x5e81,0x6341,FUN_1000_5d24,FUN_1000_5d10,ff1ec045,,,,False,,,,far-indirect,*0x45c0
1.10,1,1000,0x5ffd,0x64bd,FUN_1000_5fe8,FUN_1000_5fd4,ff9f8800,,,,False,,,,far-indirect,*0x88(%bx)
1.10,1,1000,0x600e,0x64ce,FUN_1000_5fe8,FUN_1000_5fd4,ff1ec045,,,,False,,,,far-indirect,*0x45c0
1.10,1,1000,0x670c,0x6bcc,FUN_1000_66dc,FUN_1000_66c8,26ff5f34,,,,False,,,,far-indirect,*%es:0x34(%bx)
1.10,1,1000,0x6736,0x6bf6,FUN_1000_66dc,FUN_1000_66c8,26ff5f70,,,,False,,,,far-indirect,*%es:0x70(%bx)
1.10,1,1000,0x6743,0x6c03,FUN_1000_66dc,FUN_1000_66c8,26ff5f68,,,,False,,,,far-indirect,*%es:0x68(%bx)
1.10,1,1000,0x6786,0x6c46,FUN_1000_6774,FUN_1000_6760,26ff5f04,,,,False,,,,far-indirect,*%es:0x4(%bx)
1.10,1,1000,0x68b6,0x6d76,FUN_1000_686e,FUN_1000_685a,26ff5f68,,,,False,,,,far-indirect,*%es:0x68(%bx)
1.10,1,1000,0x6a92,0x6f52,FUN_1000_6a48,FUN_1000_6a34,26ff5f30,,,,False,,,,far-indirect,*%es:0x30(%bx)
1.10,1,1000,0x6ae3,0x6fa3,FUN_1000_6ac0,FUN_1000_6aac,26ff9f8400,,,,False,,,,far-indirect,*%es:0x84(%bx)
1.10,1,1000,0x6b06,0x6fc6,FUN_1000_6ac0,FUN_1000_6aac,26ff5f78,,,,False,,,,far-indirect,*%es:0x78(%bx)
1.10,1,1000,0x6eac,0x736c,FUN_1000_6e94,FUN_1000_6e80,26ff5f74,,,,False,,,,far-indirect,*%es:0x74(%bx)
1.10,1,1000,0x6ecf,0x738f,FUN_1000_6e94,FUN_1000_6e80,26ff9f9000,,,,False,,,,far-indirect,*%es:0x90(%bx)
1.10,1,1000,0x6ee1,0x73a1,FUN_1000_6e94,FUN_1000_6e80,26ff9fb000,,,,False,,,,far-indirect,*%es:0xb0(%bx)
1.10,1,1000,0x6f0c,0x73cc,FUN_1000_6ef4,FUN_1000_6ee0,26ff5f38,,,,False,,,,far-indirect,*%es:0x38(%bx)
1.10,1,1000,0x6f1c,0x73dc,FUN_1000_6ef4,FUN_1000_6ee0,26ff9c9c00,,,,False,,,,far-indirect,*%es:0x9c(%si)
1.10,1,1000,0x6f32,0x73f2,FUN_1000_6ef4,FUN_1000_6ee0,26ff5f74,,,,False,,,,far-indirect,*%es:0x74(%bx)
1.10,1,1000,0x6f49,0x7409,FUN_1000_6ef4,FUN_1000_6ee0,26ff9f9000,,,,False,,,,far-indirect,*%es:0x90(%bx)
1.10,1,1000,0x707d,0x753d,FUN_1000_705a,FUN_1000_7046,26ff5d4c,,,,False,,,,far-indirect,*%es:0x4c(%di)
1.10,1,1000,0x71d1,0x7691,FUN_1000_71a6,FUN_1000_7192,26ff9f9000,,,,False,,,,far-indirect,*%es:0x90(%bx)
1.10,1,1000,0x71f2,0x76b2,FUN_1000_71a6,FUN_1000_7192,26ff9f9000,,,,False,,,,far-indirect,*%es:0x90(%bx)
1.10,1,1000,0x7558,0x7a18,FUN_1000_7516,FUN_1000_7502,ff5f04,,,,False,,,,far-indirect,*0x4(%bx)
1.10,1,1000,0x75ec,0x7aac,FUN_1000_75b6,FUN_1000_75a2,ff1f,,,,False,,,,far-indirect,*(%bx)
1.10,1,1000,0x793d,0x7dfd,FUN_1000_792a,FUN_1000_7916,26ff9f9000,,,,False,,,,far-indirect,*%es:0x90(%bx)
1.10,1,1000,0x794d,0x7e0d,FUN_1000_792a,FUN_1000_7916,26ff9f8c00,,,,False,,,,far-indirect,*%es:0x8c(%bx)
1.10,1,1000,0x7962,0x7e22,FUN_1000_792a,FUN_1000_7916,26ff5f78,,,,False,,,,far-indirect,*%es:0x78(%bx)
1.10,1,1000,0x79b7,0x7e77,FUN_1000_799e,FUN_1000_798a,26ff5f30,,,,False,,,,far-indirect,*%es:0x30(%bx)
1.10,1,1000,0x7b04,0x7fc4,FUN_1000_7aec,FUN_1000_7ad8,26ff5f78,,,,False,,,,far-indirect,*%es:0x78(%bx)
1.10,1,1000,0x7e69,0x8329,FUN_1000_7e38,FUN_1000_7e24,26ff5f14,,,,False,,,,far-indirect,*%es:0x14(%bx)
1.10,1,1000,0x8342,0x8802,FUN_1000_81be,FUN_1000_81aa,26ff5f54,,,,False,,,,far-indirect,*%es:0x54(%bx)
1.10,1,1000,0x83da,0x889a,FUN_1000_83c2,FUN_1000_83ae,26ff5f04,,,,False,,,,far-indirect,*%es:0x4(%bx)
1.10,1,1000,0x99ab,0x9e6b,FUN_1000_9998,FUN_1000_9984,26ff9f8000,,,,False,,,,far-indirect,*%es:0x80(%bx)
1.10,1,1000,0x9a52,0x9f12,FUN_1000_9a40,FUN_1000_9a2c,26ff9f8400,,,,False,,,,far-indirect,*%es:0x84(%bx)
1.10,1,1000,0x9ade,0x9f9e,FUN_1000_9aca,FUN_1000_9ab6,26ff9f8400,,,,False,,,,far-indirect,*%es:0x84(%bx)
1.10,1,1000,0x9b7c,0xa03c,FUN_1000_9b0c,FUN_1000_9af8,26ff9f8400,,,,False,,,,far-indirect,*%es:0x84(%bx)
1.10,1,1000,0x9bee,0xa0ae,FUN_1000_9ba4,FUN_1000_9b90,26ff9f8400,,,,False,,,,far-indirect,*%es:0x84(%bx)
1.10,1,1000,0xa0d7,0xa597,FUN_1000_a0b4,FUN_1000_a0a0,26ff5f54,,,,False,,,,far-indirect,*%es:0x54(%bx)
1.10,1,1000,0xa10d,0xa5cd,FUN_1000_a0ea,FUN_1000_a0d6,26ff5f58,,,,False,,,,far-indirect,*%es:0x58(%bx)
1.10,1,1000,0xa1e0,0xa6a0,FUN_1000_a1b2,FUN_1000_a19e,26ff5d6c,,,,False,,,,far-indirect,*%es:0x6c(%di)
1.10,1,1000,0xa219,0xa6d9,FUN_1000_a20e,FUN_1000_a1fa,26ff5f6c,,,,False,,,,far-indirect,*%es:0x6c(%bx)
1.10,1,1000,0xa226,0xa6e6,FUN_1000_a20e,FUN_1000_a1fa,26ff5f68,,,,False,,,,far-indirect,*%es:0x68(%bx)
1.10,1,1000,0xa23f,0xa6ff,FUN_1000_a20e,FUN_1000_a1fa,26ff5f44,,,,False,,,,far-indirect,*%es:0x44(%bx)
1.10,1,1000,0xa384,0xa844,FUN_1000_a344,FUN_1000_a330,26ff5d54,,,,False,,,,far-indirect,*%es:0x54(%di)
1.10,1,1000,0xa6a1,0xab61,FUN_1000_a640,FUN_1000_a62c,26ff5f40,,,,False,,,,far-indirect,*%es:0x40(%bx)
1.10,1,1000,0xa876,0xad36,FUN_1000_a844,FUN_1000_a830,26ff5f30,,,,False,,,,far-indirect,*%es:0x30(%bx)
1.10,1,1000,0xa8ac,0xad6c,FUN_1000_a888,FUN_1000_a874,26ff5f40,,,,False,,,,far-indirect,*%es:0x40(%bx)
1.10,1,1000,0xa8c9,0xad89,FUN_1000_a888,FUN_1000_a874,26ff5f40,,,,False,,,,far-indirect,*%es:0x40(%bx)
1.10,1,1000,0xaa84,0xaf44,FUN_1000_a966,FUN_1000_a952,26ff5f6c,,,,False,,,,far-indirect,*%es:0x6c(%bx)
1.10,1,1000,0xb0af,0xb56f,FUN_1000_b092,FUN_1000_b07e,26ff5f2c,,,,False,,,,far-indirect,*%es:0x2c(%bx)
1.10,1,1000,0xc4bb,0xc97b,FUN_1000_c4a8,FUN_1000_c494,26ff5f04,,,,False,,,,far-indirect,*%es:0x4(%bx)
1.10,1,1000,0xc801,0xccc1,FUN_1000_c7c6,FUN_1000_c7b2,26ff5f04,,,,False,,,,far-indirect,*%es:0x4(%bx)
1.10,1,1000,0xc8da,0xcd9a,FUN_1000_c85e,FUN_1000_c84a,26ff9f9c00,,,,False,,,,far-indirect,*%es:0x9c(%bx)
1.10,1,1000,0xc90f,0xcdcf,FUN_1000_c85e,FUN_1000_c84a,26ff5f14,,,,False,,,,far-indirect,*%es:0x14(%bx)
1.10,1,1000,0xc928,0xcde8,FUN_1000_c85e,FUN_1000_c84a,26ff5d24,,,,False,,,,far-indirect,*%es:0x24(%di)
1.10,1,1000,0xc93d,0xcdfd,FUN_1000_c85e,FUN_1000_c84a,26ff5f18,,,,False,,,,far-indirect,*%es:0x18(%bx)
1.10,1,1000,0xc94e,0xce0e,FUN_1000_c85e,FUN_1000_c84a,26ff9fa000,,,,False,,,,far-indirect,*%es:0xa0(%bx)
1.10,1,1000,0xc959,0xce19,FUN_1000_c85e,FUN_1000_c84a,26ff5f20,,,,False,,,,far-indirect,*%es:0x20(%bx)
1.10,1,1000,0xc96f,0xce2f,FUN_1000_c85e,FUN_1000_c84a,26ff5f28,,,,False,,,,far-indirect,*%es:0x28(%bx)
1.10,1,1000,0xd8ce,0xdd8e,FUN_1000_d88c,FUN_1000_d878,ff5f0c,,,,False,,,,far-indirect,*0xc(%bx)
1.10,1,1000,0xd8d4,0xdd94,FUN_1000_d88c,FUN_1000_d878,ff1c,,,,False,,,,far-indirect,*(%si)
1.10,1,1000,0xd8e9,0xdda9,FUN_1000_d88c,FUN_1000_d878,ff1f,,,,False,,,,far-indirect,*(%bx)
1.10,1,1000,0xd94e,0xde0e,FUN_1000_d926,FUN_1000_d912,ff1f,,,,False,,,,far-indirect,*(%bx)
1.10,1,1000,0xd971,0xde31,FUN_1000_d956,FUN_1000_d942,ff1f,,,,False,,,,far-indirect,*(%bx)
1.10,1,1000,0xd98d,0xde4d,FUN_1000_d978,FUN_1000_d964,ff1f,,,,False,,,,far-indirect,*(%bx)
1.10,1,1000,0xdc17,0xe0d7,FUN_1000_dbec,FUN_1000_dbd8,26ff5f6c,,,,False,,,,far-indirect,*%es:0x6c(%bx)
1.10,1,1000,0xdc85,0xe145,FUN_1000_dbec,FUN_1000_dbd8,26ff5f6c,,,,False,,,,far-indirect,*%es:0x6c(%bx)
1.10,2,1008,0x30a,0xebaa,FUN_1008_02e2,FUN_1008_02e2,26ff5f14,,,,False,,,,far-indirect,*%es:0x14(%bx)
1.10,2,1008,0x331,0xebd1,FUN_1008_0316,FUN_1008_0316,26ff5f1c,,,,False,,,,far-indirect,*%es:0x1c(%bx)
1.10,2,1008,0x1478,0xfd18,FUN_1008_146c,FUN_1008_146c,26ff5f38,,,,False,,,,far-indirect,*%es:0x38(%bx)
1.10,2,1008,0x1488,0xfd28,FUN_1008_146c,FUN_1008_146c,26ff5f3c,,,,False,,,,far-indirect,*%es:0x3c(%bx)
1.10,2,1008,0x14cd,0xfd6d,FUN_1008_146c,FUN_1008_146c,26ff5f38,,,,False,,,,far-indirect,*%es:0x38(%bx)
1.10,2,1008,0x14dd,0xfd7d,FUN_1008_146c,FUN_1008_146c,26ff5f3c,,,,False,,,,far-indirect,*%es:0x3c(%bx)
1.10,2,1008,0x152a,0xfdca,FUN_1008_146c,FUN_1008_146c,26ff5f38,,,,False,,,,far-indirect,*%es:0x38(%bx)
1.10,2,1008,0x1542,0xfde2,FUN_1008_146c,FUN_1008_146c,26ff5f3c,,,,False,,,,far-indirect,*%es:0x3c(%bx)
1.10,2,1008,0x1589,0xfe29,FUN_1008_146c,FUN_1008_146c,26ff9f8c00,,,,False,,,,far-indirect,*%es:0x8c(%bx)
1.10,2,1008,0x164c,0xfeec,FUN_1008_1642,FUN_1008_1642,26ff5f60,,,,False,,,,far-indirect,*%es:0x60(%bx)
1.10,2,1008,0x1657,0xfef7,FUN_1008_1642,FUN_1008_1642,26ff5f54,,,,False,,,,far-indirect,*%es:0x54(%bx)
1.10,2,1008,0x1730,0xffd0,FUN_1008_16a0,FUN_1008_16a0,26ff5f40,,,,False,,,,far-indirect,*%es:0x40(%bx)
1.10,2,1008,0x178d,0x1002d,FUN_1008_16a0,FUN_1008_16a0,26ff5f50,,,,False,,,,far-indirect,*%es:0x50(%bx)
1.10,2,1008,0x17e3,0x10083,FUN_1008_16a0,FUN_1008_16a0,26ff5f34,,,,False,,,,far-indirect,*%es:0x34(%bx)
1.10,2,1008,0x1d03,0x105a3,FUN_1008_1ce8,FUN_1008_1ce8,26ff5f40,,,,False,,,,far-indirect,*%es:0x40(%bx)
1.10,2,1008,0x1d3a,0x105da,FUN_1008_1d0e,FUN_1008_1d0e,26ff5f40,,,,False,,,,far-indirect,*%es:0x40(%bx)
1.10,2,1008,0x1daa,0x1064a,FUN_1008_1d70,FUN_1008_1d70,26ff5f14,,,,False,,,,far-indirect,*%es:0x14(%bx)
1.10,2,1008,0x2056,0x108f6,FUN_1008_1ffe,FUN_1008_1ffe,26ff5f6c,,,,False,,,,far-indirect,*%es:0x6c(%bx)
1.10,2,1008,0x20d7,0x10977,FUN_1008_2066,FUN_1008_2066,26ff9fb000,,,,False,,,,far-indirect,*%es:0xb0(%bx)
1.10,2,1008,0x20ef,0x1098f,FUN_1008_2066,FUN_1008_2066,26ff5f7c,,,,False,,,,far-indirect,*%es:0x7c(%bx)
1.10,2,1008,0x2103,0x109a3,FUN_1008_2066,FUN_1008_2066,26ff9f9000,,,,False,,,,far-indirect,*%es:0x90(%bx)
1.10,2,1008,0x211b,0x109bb,FUN_1008_2066,FUN_1008_2066,26ff9f8c00,,,,False,,,,far-indirect,*%es:0x8c(%bx)
1.10,2,1008,0x216e,0x10a0e,FUN_1008_2162,FUN_1008_2162,26ff5f30,,,,False,,,,far-indirect,*%es:0x30(%bx)
1.10,2,1008,0x217e,0x10a1e,FUN_1008_2162,FUN_1008_2162,26ff5f34,,,,False,,,,far-indirect,*%es:0x34(%bx)
1.10,2,1008,0x2193,0x10a33,FUN_1008_2162,FUN_1008_2162,26ff5f54,,,,False,,,,far-indirect,*%es:0x54(%bx)
1.10,2,1008,0x22e5,0x10b85,FUN_1008_22c6,FUN_1008_22c6,26ff5f60,,,,False,,,,far-indirect,*%es:0x60(%bx)
1.10,2,1008,0x2301,0x10ba1,FUN_1008_22c6,FUN_1008_22c6,26ff5f48,,,,False,,,,far-indirect,*%es:0x48(%bx)
1.10,2,1008,0x2334,0x10bd4,FUN_1008_22c6,FUN_1008_22c6,26ff5f4c,,,,False,,,,far-indirect,*%es:0x4c(%bx)
1.10,2,1008,0x235b,0x10bfb,FUN_1008_22c6,FUN_1008_22c6,26ff5f04,,,,False,,,,far-indirect,*%es:0x4(%bx)
1.10,2,1008,0x237c,0x10c1c,FUN_1008_22c6,FUN_1008_22c6,26ff5f40,,,,False,,,,far-indirect,*%es:0x40(%bx)
1.10,2,1008,0x239c,0x10c3c,FUN_1008_22c6,FUN_1008_22c6,26ff5f30,,,,False,,,,far-indirect,*%es:0x30(%bx)
1.10,2,1008,0x23a3,0x10c43,FUN_1008_22c6,FUN_1008_22c6,26ff5f48,,,,False,,,,far-indirect,*%es:0x48(%bx)
1.10,2,1008,0x23b6,0x10c56,FUN_1008_22c6,FUN_1008_22c6,26ff5f34,,,,False,,,,far-indirect,*%es:0x34(%bx)
1.10,2,1008,0x23ef,0x10c8f,FUN_1008_22c6,FUN_1008_22c6,26ff5f4c,,,,False,,,,far-indirect,*%es:0x4c(%bx)
1.10,2,1008,0x2402,0x10ca2,FUN_1008_22c6,FUN_1008_22c6,26ff5f34,,,,False,,,,far-indirect,*%es:0x34(%bx)
1.10,2,1008,0x2427,0x10cc7,FUN_1008_22c6,FUN_1008_22c6,26ff5f40,,,,False,,,,far-indirect,*%es:0x40(%bx)
1.10,2,1008,0x244d,0x10ced,FUN_1008_22c6,FUN_1008_22c6,26ff5f30,,,,False,,,,far-indirect,*%es:0x30(%bx)
1.10,2,1008,0x2455,0x10cf5,FUN_1008_22c6,FUN_1008_22c6,26ff5f48,,,,False,,,,far-indirect,*%es:0x48(%bx)
1.10,2,1008,0x2473,0x10d13,FUN_1008_22c6,FUN_1008_22c6,26ff5f34,,,,False,,,,far-indirect,*%es:0x34(%bx)
1.10,2,1008,0x249d,0x10d3d,FUN_1008_22c6,FUN_1008_22c6,26ff5f50,,,,False,,,,far-indirect,*%es:0x50(%bx)
1.10,2,1008,0x25be,0x10e5e,FUN_1008_25ac,FUN_1008_25ac,26ff5f04,,,,False,,,,far-indirect,*%es:0x4(%bx)
1.10,2,1008,0x2677,0x10f17,FUN_1008_262e,FUN_1008_262e,26ff5f14,,,,False,,,,far-indirect,*%es:0x14(%bx)
1.10,2,1008,0x270f,0x10faf,FUN_1008_2702,FUN_1008_2702,26ff9f9800,,,,False,,,,far-indirect,*%es:0x98(%bx)
1.10,2,1008,0x28b0,0x11150,FUN_1008_2892,FUN_1008_2892,ff1f,,,,False,,,,far-indirect,*(%bx)
1.10,2,1008,0x295b,0x111fb,FUN_1008_292e,FUN_1008_292e,26ff9f9400,,,,False,,,,far-indirect,*%es:0x94(%bx)
1.10,2,1008,0x2ff5,0x11895,FUN_1008_2fd0,FUN_1008_2fd0,26ff5f40,,,,False,,,,far-indirect,*%es:0x40(%bx)
1.10,2,1008,0x3010,0x118b0,FUN_1008_2fd0,FUN_1008_2fd0,26ff5f40,,,,False,,,,far-indirect,*%es:0x40(%bx)
1.10,2,1008,0x334c,0x11bec,FUN_1008_3338,FUN_1008_3338,26ff5f70,,,,False,,,,far-indirect,*%es:0x70(%bx)
1.10,2,1008,0x3368,0x11c08,FUN_1008_3354,FUN_1008_3354,26ff5f70,,,,False,,,,far-indirect,*%es:0x70(%bx)
1.10,2,1008,0x3468,0x11d08,FUN_1008_3370,FUN_1008_3370,26ff5f74,,,,False,,,,far-indirect,*%es:0x74(%bx)
1.10,2,1008,0x3849,0x120e9,FUN_1008_37ee,FUN_1008_37ee,ff1ed020,,,,False,,,,far-indirect,*0x20d0
1.10,2,1008,0x385c,0x120fc,FUN_1008_37ee,FUN_1008_37ee,ff1ed020,,,,False,,,,far-indirect,*0x20d0
1.10,2,1008,0x3974,0x12214,FUN_1008_396b,FUN_1008_396b,ff1ed020,,,,False,,,,far-indirect,*0x20d0
1.10,2,1008,0x39a2,0x12242,FUN_1008_3994,FUN_1008_3994,ff1d,,,,False,,,,far-indirect,*(%di)
1.10,2,1008,0x5af6,0x14396,FUN_1008_5ab0,FUN_1008_5ab0,ff1e4a09,,,,False,,,,far-indirect,*0x94a
1.10,2,1008,0x5cd9,0x14579,FUN_1008_5caf,FUN_1008_5caf,ffd7,,,,False,,,,near-indirect,*%di
1.10,2,1008,0x5d3c,0x145dc,FUN_1008_5caf,FUN_1008_5caf,ff1e4e09,,,,False,,,,far-indirect,*0x94e
1.10,2,1008,0x6880,0x15120,FUN_1008_676f,FUN_1008_676f,ff1e860a,,,,False,,,,far-indirect,*0xa86
1.10,2,1008,0x6d72,0x15612,FUN_1008_6d4e,FUN_1008_6d4e,ff5e0c,,,,False,,,,far-indirect,*0xc(%bp)
1.10,2,1008,0x6df9,0x15699,FUN_1008_6d4e,FUN_1008_6d4e,36ff5d14,,,,False,,,,far-indirect,*%ss:0x14(%di)
1.10,2,1008,0x6e17,0x156b7,FUN_1008_6d4e,FUN_1008_6d4e,36ff5d14,,,,False,,,,far-indirect,*%ss:0x14(%di)
1.10,2,1008,0x73b2,0x15c52,FUN_1008_739a,FUN_1008_739a,ff5e06,,,,False,,,,far-indirect,*0x6(%bp)
1.10,3,1010,0x1ff,0x161bf,FUN_1010_01dc,FUN_1010_01d8,ff5f04,,,,False,,,,far-indirect,*0x4(%bx)
1.10,3,1010,0x209,0x161c9,FUN_1010_01dc,FUN_1010_01d8,ff1f,,,,False,,,,far-indirect,*(%bx)
1.10,3,1010,0x233,0x161f3,FUN_1010_0210,FUN_1010_020c,ff5f04,,,,False,,,,far-indirect,*0x4(%bx)
1.10,3,1010,0x23d,0x161fd,FUN_1010_0210,FUN_1010_020c,ff1f,,,,False,,,,far-indirect,*(%bx)
1.10,3,1010,0x25d,0x1621d,FUN_1010_0244,FUN_1010_0240,ff5f04,,,,False,,,,far-indirect,*0x4(%bx)
1.10,3,1010,0x283,0x16243,FUN_1010_026a,FUN_1010_0266,ff5f04,,,,False,,,,far-indirect,*0x4(%bx)
1.10,3,1010,0x2b3,0x16273,FUN_1010_0290,FUN_1010_028c,ff5f04,,,,False,,,,far-indirect,*0x4(%bx)
1.10,3,1010,0x2ba,0x1627a,FUN_1010_0290,FUN_1010_028c,ff1d,,,,False,,,,far-indirect,*(%di)
1.10,3,1010,0x2e5,0x162a5,FUN_1010_02c2,FUN_1010_02be,ff5f04,,,,False,,,,far-indirect,*0x4(%bx)
1.10,3,1010,0x2ec,0x162ac,FUN_1010_02c2,FUN_1010_02be,ff1d,,,,False,,,,far-indirect,*(%di)
1.10,3,1010,0x317,0x162d7,FUN_1010_02f4,FUN_1010_02f0,ff5f04,,,,False,,,,far-indirect,*0x4(%bx)
1.10,3,1010,0x31e,0x162de,FUN_1010_02f4,FUN_1010_02f0,ff1d,,,,False,,,,far-indirect,*(%di)
1.10,3,1010,0x349,0x16309,FUN_1010_0326,FUN_1010_0322,ff5f04,,,,False,,,,far-indirect,*0x4(%bx)
1.10,3,1010,0x350,0x16310,FUN_1010_0326,FUN_1010_0322,ff1d,,,,False,,,,far-indirect,*(%di)
1.10,3,1010,0x375,0x16335,FUN_1010_0358,FUN_1010_0354,ff1f,,,,False,,,,far-indirect,*(%bx)
1.10,3,1010,0x395,0x16355,FUN_1010_037c,FUN_1010_0378,ff1f,,,,False,,,,far-indirect,*(%bx)
1.10,3,1010,0x3b9,0x16379,FUN_1010_039c,FUN_1010_0398,ff1f,,,,False,,,,far-indirect,*(%bx)
1.10,3,1010,0xb1b,0x16adb,FUN_1010_0af8,FUN_1010_0ace,ff5f08,,,,False,,,,far-indirect,*0x8(%bx)
1.10,3,1010,0xb45,0x16b05,FUN_1010_0b22,FUN_1010_0af8,ff5f08,,,,False,,,,far-indirect,*0x8(%bx)
1.10,4,1018,0x2f65,0x281c5,FUN_1018_2e12,FUN_1018_29f8,26ff5f06,,,,False,,,,far-indirect,*%es:0x6(%bx)
